genes	module
Erg28	1
0610009B22Rik	1
Dele1	2
Sanbr	1
0610010K14Rik	9
Mettl26	7
0610012G03Rik	9
0610030E20Rik	4
Czib	2
0610040J01Rik	3
Fmc1	7
Cfap298	3
1110004F10Rik	0
1110006O24Rik	1
Card19	3
Rab5if	5
Prorp	1
Bbln	0
Eola1	0
1110019D14Rik	4
1110032A03Rik	7
Shld1	7
Virma	4
1110038B12Rik	4
1110038F14Rik	3
1110051M20Rik	0
1110059E24Rik	1
1110059G10Rik	1
Dipk2a	1
1190007I07Rik	0
Ncbp3	0
1300002E11Rik	1
1500011B03Rik	7
Mtln	7
Zfas1	2
1500015A07Rik	2
Tedc2	0
Fam174c	2
1600010M07Rik	2
1600012H06Rik	1
1600014C10Rik	8
1600020E01Rik	2
1700001C19Rik	0
1700007L15Rik	1
1700008J07Rik	4
1700010I14Rik	4
1700017B05Rik	3
Nat8f4	0
Oip5os1	1
1700020N01Rik	10
Mtres1	9
Rubcn	6
1700025G04Rik	2
1700028E10Rik	4
1700029J07Rik	4
1700030C10Rik	0
1700030K09Rik	2
1700037C18Rik	0
1700037H04Rik	5
Zfp974	1
1700052K11Rik	6
1700066M21Rik	1
1700094D03Rik	2
1700096K18Rik	0
1700110C19Rik	4
Lrmda	1
1700113A16Rik	9
1700123O20Rik	1
1810010H24Rik	8
Tmem273	2
Tcim	2
1810013L24Rik	1
1810014B01Rik	7
1810021B22Rik	2
Rbis	7
Chaserr	2
Timm29	8
1810030O07Rik	8
Snhg16	2
1810037I17Rik	1
Cfap410	2
Ndufaf8	5
1810055G02Rik	0
1810058I24Rik	7
Borcs7	7
Atp5mpl	7
Fam241b	5
Ly6m	2
Aopep	1
2010204K13Rik	1
2010315B03Rik	4
2010320M18Rik	3
Nbdy	7
Ube2d-ps	9
2210016F16Rik	5
2210016L21Rik	3
Emsy	2
Zfp995	1
2210408F21Rik	0
2210408I21Rik	4
2300009A05Rik	2
Pigbos1	7
2310011J03Rik	3
2310015A10Rik	0
2310022A10Rik	3
2310022B05Rik	6
2310033P09Rik	3
Relch	4
Trir	9
2310039H08Rik	0
2310040G24Rik	2
Borcs8	3
Borcs6	3
2310057M21Rik	1
2310061I04Rik	0
Tmem94	6
2410002F23Rik	2
2410004B18Rik	4
2410006H16Rik	7
Micos13	7
Riox1	0
Cplane1	4
Spring1	0
2500004C02Rik	2
2510002D24Rik	2
2510009E07Rik	8
2510039O18Rik	6
Smim30	7
2610002M06Rik	1
2610008E11Rik	4
Ccdc191	4
Rexo5	2
2610035D17Rik	2
2610044O15Rik8	7
2610203C22Rik	4
Cfap418	1
2610306M01Rik	2
2610507B11Rik	6
2610507I01Rik	2
2610524H06Rik	1
2610528A11Rik	0
Hpf1	1
2700038G22Rik	4
2700049A03Rik	4
Rtraf	7
2700062C07Rik	2
Zfta	2
Selenoh	3
2700097O09Rik	4
2810001G20Rik	0
2810002D19Rik	1
2810004N23Rik	3
Mtrfr	3
2810013P06Rik	4
2810021J22Rik	0
2810025M15Rik	9
Khdc4	4
Pclaf	1
Rex1bd	9
2810454H06Rik	1
Cerox1	3
Resf1	4
2900005J15Rik	4
2900008C10Rik	0
2900026A02Rik	8
2900076A07Rik	4
2900097C17Rik	1
3000002C10Rik	4
Mrnip	0
3110001I22Rik	1
Rmc1	2
3110009E18Rik	0
Vxn	4
3110040N11Rik	7
C9orf72	1
Zfp983	4
3110056K07Rik	4
Abhd18	1
Cyren	2
3110082I17Rik	0
3425401B19Rik	0
3830403N18Rik	1
3830406C13Rik	1
Spata6l	0
4632404H12Rik	2
4632415L05Rik	4
4632427E13Rik	4
4632428C04Rik	0
Vsir	6
4732471J01Rik	2
4732491K20Rik	4
4831440E17Rik	1
4833411C07Rik	4
4833417C18Rik	2
4833420G17Rik	4
4833439L19Rik	1
4921511C10Rik	1
4921524J17Rik	4
4921531C22Rik	1
Dnaaf9	3
4930404N11Rik	6
Tedc1	0
4930430F08Rik	8
Brme1	0
4930447K03Rik	0
4930447M23Rik	1
4930453N24Rik	1
4930480K23Rik	0
4930481A15Rik	2
4930486L24Rik	0
4930503L19Rik	4
4930523C07Rik	0
4930526I15Rik	2
Bnip5	0
4930563E22Rik	1
4930579G24Rik	0
4930594C11Rik	4
4930599N23Rik	4
4931402G19Rik	4
4931406C07Rik	0
4931406H21Rik	4
Garre1	0
4931414P19Rik	3
4931431C16Rik	4
Stk35os1	2
4932438A13Rik	4
4933404O12Rik	0
4933406I18Rik	2
4933407K13Rik	4
4933412E12Rik	3
4933421O10Rik	4
4933427D14Rik	2
4933431G14Rik	4
4933434E20Rik	1
4933439C10Rik	2
Rubcnl	0
5031425E22Rik	4
5031439G07Rik	6
Dubr	0
5430405H02Rik	4
5430416N02Rik	2
Tasl	1
5530601H04Rik	4
5730409E04Rik	2
5730455P16Rik	2
Fam241a	4
Trmo	0
5830417I10Rik	2
5830432E09Rik	2
5830444B04Rik	2
5930430L01Rik	1
6030458C11Rik	0
6030468B19Rik	0
6230400D17Rik	1
6330407A03Rik	4
Zswim9	2
Tmem268	5
6330418K02Rik	2
6330549D23Rik	0
6430548M08Rik	6
6530402F18Rik	8
6720489N17Rik	0
8030423J24Rik	0
8030442B05Rik	2
8030462N17Rik	1
Fam234b	8
Dglucy	0
Vps35l	5
Armh3	6
9130019O22Rik	0
9130023H24Rik	2
9130401M01Rik	3
9330133O14Rik	4
9330151L19Rik	4
9430015G10Rik	2
Maip1	1
9430038I01Rik	0
9430060I03Rik	4
9430083A17Rik	1
9530062K07Rik	1
9530068E07Rik	8
9530082P21Rik	3
9630028I04Rik	3
Zfp976	2
9930012K11Rik	0
9930021J03Rik	4
9930104L06Rik	2
9930111J21Rik1	2
A130010J15Rik	1
Washc4	1
Shfl	2
A230056P14Rik	2
A230072C01Rik	0
A2m	0
A430005L14Rik	0
A430033K04Rik	0
A430035B10Rik	4
A430046D13Rik	0
Ccdc9b	6
A530088E08Rik	4
A630001G21Rik	2
P2ry10b	1
A630066F11Rik	1
A630072M18Rik	1
A630089N07Rik	2
A830010M20Rik	2
Bclaf3	1
A830082N09Rik	0
A930005H10Rik	10
A930013F10Rik	4
A930024E05Rik	2
AA414768	0
Frg2f1	2
AA986860	2
AB124611	0
AF251705	7
AF529169	0
Ecpas	1
AI413582	7
AI429214	2
AI467606	5
AI504432	1
AI597479	1
Ifi207	10
AI662270	1
AI837181	0
Spindoc	2
AI854703	1
AI987944	1
Gm20604	7
Nkapd1	4
AU022252	1
AU022793	4
AU040320	6
AU041133	1
AW011738	0
AW112010	1
AW146154	7
AW209491	1
AW549877	1
AW554918	4
Aaas	3
Aacs	0
Prxl2c	0
Aagab	2
Aak1	4
Aamdc	9
Aamp	3
Aar2	5
Aars	6
Aars2	3
Aarsd1	3
Aasdh	4
Aasdhppt	1
Aatf	2
Aatk	0
Abat	0
Abca1	4
Abca13	1
Abca2	8
Abca3	0
Abca5	1
Abca6	5
Abca7	8
Abca9	8
Abcb10	8
Abcb1b	8
Abcb4	0
Abcb6	5
Abcb7	1
Abcb8	6
Abcb9	8
Abcc1	1
Abcc10	6
Abcc3	6
Abcc4	1
Abcc5	4
Abcc9	8
Abcd1	6
Abcd2	8
Abcd3	8
Abcd4	2
Abce1	1
Abcf1	3
Abcf2	5
Abcf3	3
Abcg1	6
Abcg2	1
Abcg3	5
Abhd10	7
Abhd11	2
Abhd12	5
Abhd13	1
Abhd14a	0
Abhd14b	3
Abhd15	3
Abhd16a	5
Abhd17a	5
Abhd17b	1
Abhd17c	8
Abhd2	1
Abhd3	0
Abhd4	5
Abhd5	1
Abhd6	7
Abhd8	3
Abi1	1
Abi2	1
Abi3	3
Abl1	6
Abl2	2
Ablim1	0
Abr	6
Abracl	7
Abt1	0
Abtb1	2
Acaa1a	3
Acaa2	2
Acaca	0
Acad10	0
Acad11	0
Acad12	3
Acad8	3
Acad9	8
Acadl	3
Acadm	3
Acads	5
Acadsb	1
Acadvl	3
Acap2	1
Acap3	0
Acat1	1
Acat2	0
Acbd3	1
Acbd4	3
Acbd5	1
Acbd6	3
Accs	3
Acd	3
Ace	0
Acer2	0
Acer3	1
Ache	5
Acin1	2
Ackr3	2
Acly	6
Aco1	3
Aco2	6
Acot11	5
Acot13	7
Acot2	3
Acot7	3
Acot8	3
Acot9	1
Acox1	0
Acox3	6
Acp1	8
Acp2	2
Acp5	0
Acp6	3
Acrbp	2
Acsf2	3
Acsf3	3
Acsl1	5
Acsl3	0
Acsl4	1
Acsl5	8
Acss1	0
Acss2	2
Actb	2
Actg1	1
Actl6a	0
Actn1	5
Actn4	6
Actr10	1
Actr1a	5
Actr1b	2
Actr2	1
Actr3	1
Actr3b	10
Actr5	6
Actr6	1
Actr8	0
Acvr1	1
Acvr1b	0
Acvr2a	1
Acvr2b	2
Acvrl1	5
Acy1	6
Acyp1	1
Ada	6
Adal	2
Adam10	1
Adam15	6
Adam17	1
Adam22	1
Adam3	2
Adam8	1
Adam9	1
Adamts1	0
Adamts10	2
Adamts16	0
Adamts6	2
Adamtsl2	6
Adamtsl4	2
Adap1	5
Adap2	2
Adar	0
Adarb1	0
Adat1	4
Adat3	2
Adck1	0
Adck2	3
Coq8a	3
Coq8b	3
Adck5	2
Adcy3	0
Adcy4	0
Adcy6	2
Adcy7	4
Adcy8	10
Adcy9	4
Add1	8
Add3	5
Adgb	0
Adgra2	6
Adgre1	1
Adgre4	2
Adgre5	1
Adgrg1	5
Adgrg3	1
Adgrg6	0
Adgrl1	2
Adgrl2	2
Adh5	5
Adhfe1	4
Adi1	1
Adipor1	5
Adipor2	2
Adk	0
Adm	0
Adnp2	0
Ado	8
Adora1	5
Adora3	1
Adpgk	0
Adprh	5
Adprs	2
Adprm	9
Adra2a	1
Adrb1	3
Adrb2	1
Grk2	3
Grk3	4
Adrm1	3
Adsl	3
Adss	1
Adssl1	5
Adtrp	2
Aebp2	4
Aen	2
Aes	5
Afap1	1
Afap1l1	2
Aff1	0
Aff4	4
Afg3l1	3
Afg3l2	5
Afmid	0
Afp	10
Aftph	4
Aga	1
Agap1	2
Agap3	3
Agbl3	0
Agbl5	2
Agfg1	8
Agfg2	5
Aggf1	3
Agk	0
Agl	1
Agmo	8
Ago1	2
Ago2	4
Ago3	4
Ago4	3
Agpat1	3
Agpat2	0
Agpat3	6
Agpat4	5
Agpat5	1
Gpat4	5
Agps	1
Agrn	0
Agtpbp1	0
Agtrap	3
Ahctf1	0
Ahcyl1	1
Ahcyl2	6
Ahdc1	2
Ahi1	1
Ahr	0
Ahrr	5
Ahsa1	3
Ahsa2	4
Aida	7
Aif1	7
Aifm1	8
Aifm2	3
Aig1	1
Aim1	0
Aim2	4
Aimp1	0
Aimp2	5
Aip	3
Ajuba	0
Ak1	10
Ak2	2
Ak3	5
Ak6	7
Akap1	8
Akap10	4
Akap11	4
Akap12	6
Akap13	2
Akap17b	1
Akap5	2
Akap7	0
Akap8	2
Akap8l	2
Akap9	2
Akip1	7
Akirin1	1
Akirin2	4
Akna	2
Akr1a1	10
Akr1b10	3
Akr1c13	7
Akr1e1	10
Akr7a5	3
Akt1	3
Akt1s1	3
Akt2	6
Akt3	1
Aktip	4
Alad	5
Alas1	5
Alas2	0
Alcam	7
Aldh16a1	6
Aldh18a1	8
Aldh1b1	5
Aldh1l1	0
Aldh1l2	0
Aldh2	5
Aldh3a2	8
Aldh3b1	3
Aldh4a1	5
Aldh6a1	8
Aldh7a1	3
Aldh9a1	6
Aldoa	5
Aldoc	8
Alg1	5
Alg10b	4
Alg11	1
Alg12	2
Alg13	4
Alg14	9
Alg2	1
Alg3	8
Alg5	8
Alg6	1
Alg8	1
Alg9	8
Alkbh1	4
Alkbh2	2
Alkbh3	0
Alkbh4	10
Alkbh5	1
Alkbh6	9
Alkbh7	9
Alkbh8	4
Alms1	2
Alox5	5
Alox5ap	10
Alpk1	0
Als2	0
Als2cl	3
Alyref	5
Alyref2	2
Amacr	5
Ambra1	6
Amdhd2	0
Amer1	4
Amer2	0
Amfr	8
Amigo1	5
Amigo2	1
Amigo3	0
Ammecr1	1
Ammecr1l	1
Amn1	1
Amotl1	0
Amotl2	2
Ampd2	3
Ampd3	6
Amz1	5
Amz2	0
Anapc1	1
Anapc10	4
Anapc11	7
Anapc13	7
Anapc15	0
Anapc16	2
Anapc2	6
Anapc4	1
Anapc5	0
Anapc7	0
Ang	9
Angel1	5
Angel2	4
Angptl3	2
Angptl7	5
Ank	1
Ank2	0
Ankdd1b	3
Ankfy1	1
Ankhd1	4
Ankib1	1
Ankle2	8
Ankmy2	0
Ankra2	2
Ankrd10	4
Ankrd11	2
Ankrd12	2
Ankrd13a	5
Ankrd13c	1
Ankrd13d	2
Ankrd16	2
Ankrd17	4
Ankrd23	2
Ankrd24	7
Ankrd26	4
Ankrd27	6
Ankrd28	2
Slf1	1
Ankrd37	1
Ankrd39	4
Ankrd40	0
Ankrd42	2
Ankrd44	1
Ankrd46	1
Ankrd49	1
Ankrd50	4
Ankrd52	2
Ankrd54	2
Ankrd55	2
Ankrd9	5
Anks1	6
Anks3	2
Anks6	6
Ankzf1	2
Anln	0
Ano10	5
Ano6	5
Ano7	2
Ano8	3
Anp32a	9
Anp32b	9
Anp32e	1
Antxr2	0
Anxa1	1
Anxa11	6
Anxa2	0
Anxa3	1
Anxa4	5
Anxa5	5
Anxa6	6
Anxa7	8
Anxa9	8
Aoah	0
Ap1ar	0
Ap1b1	6
Ap1g1	1
Ap1g2	3
Ap1m1	5
Ap1s1	5
Ap1s2	7
Ap2a1	6
Ap2a2	6
Ap2b1	0
Ap2m1	3
Ap2s1	3
Ap3b1	0
Ap3d1	2
Ap3m1	1
Ap3m2	2
Ap3s1	1
Ap3s2	1
Ap4b1	0
Ap4e1	1
Ap4m1	0
Ap4s1	7
Ap5b1	0
Ap5m1	1
Ap5s1	3
Ap5z1	2
Apaf1	1
Apba1	6
Apba3	3
Apbb1	5
Apbb1ip	0
Apbb2	1
Apbb3	2
Apc	2
Apeh	3
Apex1	3
Apex2	0
Aph1a	0
Aph1b	1
Aph1c	0
Api5	8
Apip	7
Cenps	0
Aplf	0
Aplnr	0
Aplp1	3
Aplp2	5
Apmap	8
Naxe	5
Apob	0
Apobec1	2
Apobec2	0
Apobec3	0
Apobr	9
Apoe	3
Apool	1
Coa8	0
App	5
Appbp2	1
Appl1	1
Appl2	6
Aprt	3
Aptx	4
Aqr	6
Araf	0
Arap1	6
Arap2	1
Arap3	6
Arcn1	1
Arel1	1
Arf1	5
Arf2	5
Arf3	8
Arf4	1
Arf5	5
Arf6	5
Arfgap1	2
Arfgap2	5
Arfgap3	5
Arfgef1	4
Arfgef2	6
Arfip1	1
Arfip2	3
Arfrp1	2
Arglu1	4
Arhgap1	8
Arhgap11a	2
Arhgap12	4
Arhgap15	10
Arhgap17	2
Arhgap18	3
Arhgap19	1
Arhgap21	2
Arhgap22	3
Arhgap23	3
Arhgap24	10
Arhgap25	2
Arhgap26	0
Arhgap27	6
Arhgap27os3	2
Arhgap29	0
Arhgap30	2
Arhgap31	0
Arhgap32	2
Arhgap35	2
Arhgap39	2
Arhgap4	2
Arhgap5	1
Arhgap9	3
Arhgdia	3
Arhgdib	9
Arhgef1	3
Arhgef10	5
Arhgef10l	6
Arhgef11	6
Arhgef12	4
Arhgef18	6
Arhgef2	3
Arhgef25	9
Arhgef3	2
Arhgef39	0
Arhgef4	2
Arhgef40	6
Arhgef6	6
Arhgef7	4
Arhgef9	4
Arid1a	2
Arid1b	6
Arid2	0
Arid3a	6
Arid3b	2
Arid4a	4
Arid4b	1
Arid5a	3
Arid5b	4
Arih1	1
Arih2	4
Arl1	4
Arl10	2
Arl11	5
Arl13b	4
Arl14ep	1
Arl15	0
Arl16	1
Arl2	3
Arl2bp	7
Arl3	9
Arl4a	7
Arl4c	0
Arl4d	0
Arl5a	1
Arl5b	1
Arl5c	0
Arl6	1
Arl6ip1	8
Arl6ip4	9
Arl6ip5	0
Arl6ip6	1
Arl8a	3
Arl8b	1
Armc1	1
Armc10	1
Armc3	0
Armc5	6
Armc6	0
Armc7	3
Armc8	1
Armc9	0
Armcx2	0
Armcx3	0
Armcx5	0
Armcx6	0
Armt1	0
Arnt	0
Arnt2	0
Arntl	0
Arpc1a	0
Arpc1b	3
Arpc2	5
Arpc3	3
Arpc4	5
Arpc5	8
Arpc5l	7
Arpp19	1
Arpp21	0
Arrb1	0
Arrb2	3
Arrdc1	2
Arrdc2	3
Arrdc3	1
Arrdc4	2
Arsa	5
Arsb	1
Arsg	5
Arsk	1
Arv1	0
Arvcf	6
As3mt	9
Asah1	8
Asah2	4
Asap1	6
Asap3	6
Asb1	1
Asb10	0
Asb13	5
Asb2	3
Asb3	1
Asb6	3
Asb7	1
Asb8	1
Ascc1	9
Ascc2	6
Ascc3	4
Ascl2	0
Asf1a	1
Asf1b	10
Ash1l	4
Ash2l	5
Asl	3
Get3	9
Asns	1
Asnsd1	4
Asph	1
Aspm	0
Aspscr1	3
Asrgl1	0
Aste1	0
Ints13	4
Asxl1	0
Asxl2	0
Atad1	1
Atad2	1
Atad2b	4
Atad3a	3
Atad5	2
Atat1	2
Ate1	1
Atf1	1
Atf2	1
Atf3	2
Atf4	2
Atf6	0
Atf6b	3
Atf7	4
Atf7ip	4
Atg10	1
Atg101	5
Atg12	0
Atg13	6
Atg14	6
Atg16l1	2
Atg16l2	0
Atg2a	6
Atg2b	0
Atg3	2
Atg4a	1
Atg4b	3
Atg4c	1
Atg4d	0
Atg5	1
Atg7	5
Atg9a	5
Pgghg	7
Atic	0
Atl1	0
Atl2	0
Atl3	1
Atm	4
Atmin	1
Atn1	2
Atox1	7
Atp10a	0
Atp10b	7
Atp10d	2
Atp11a	1
Atp11b	1
Atp11c	1
Atp13a1	0
Atp13a2	6
Atp13a3	1
Atp1a1	3
Atp1a2	0
Atp1a3	5
Atp1b3	1
Atp2a2	8
Atp2a3	8
Atp2b1	4
Atp2b2	2
Atp2c1	1
Atp5a1	5
Atp5b	5
Atp5c1	7
Atp5d	3
Atp5e	7
Atp5pb	1
Atp5g1	7
Atp5g3	7
Atp5h	7
Atp5j	7
Atp5j2	7
Atp5k	7
Atp5o	5
Atp5s	1
Dmac2	2
Atp6ap1	8
Atp6ap2	1
Atp6v0a1	6
Atp6v0a2	1
Atp6v0b	7
Atp6v0d1	5
Atp6v0e	7
Atp6v1a	8
Atp6v1b2	8
Atp6v1c1	10
Atp6v1d	9
Atp6v1e1	9
Atp6v1f	7
Atp6v1g1	1
Atp6v1g2	0
Atp6v1h	8
Atp7a	1
Atp8a1	1
Atp8a2	6
Atp8b1	4
Atp8b2	0
Atp9a	0
Atp9b	6
Atpaf2	3
Atpif1	7
Atr	1
Atraid	10
Atrip	6
Atrn	0
Atrnl1	0
Atrx	4
Atxn1	4
Atxn10	8
Atxn1l	1
Atxn2	6
Atxn2l	2
Atxn3	4
Atxn7	4
Atxn7l1	2
Atxn7l2	3
Atxn7l3	2
Atxn7l3b	1
Auh	9
Aup1	5
Aurka	0
Aurkaip1	9
Aurkb	0
Aven	3
Avl9	1
Avpi1	8
Axin1	2
Axl	10
Azi2	4
Azin1	1
B130006D01Rik	4
Iftap	7
B230219D22Rik	1
B230307C23Rik	7
B230354K17Rik	4
B2m	7
B3galnt1	1
B3galnt2	4
B3galt4	0
B3galt5	1
B3galt6	5
B3gat3	3
B3glct	0
B3gnt2	1
B3gnt7	5
B3gnt8	5
B3gntl1	2
B430010I23Rik	4
B430306N03Rik	5
B4galnt1	5
B4galt1	1
B4galt3	2
B4galt4	0
B4galt5	0
B4galt6	1
B4galt7	5
B4gat1	5
Bmt2	1
Fndc10	0
B9d2	3
BC003331	2
BC003965	4
BC004004	5
BC005537	2
BC005561	4
BC005624	3
BC017158	3
BC017643	0
BC020402	1
BC022687	0
BC023829	8
BC024978	2
BC026585	7
BC027231	0
BC028528	7
BC029214	2
BC029722	5
BC030336	0
BC031181	1
BC031361	0
BC035044	4
BC037032	0
BC037034	2
BC037704	0
BC048403	0
BC049352	7
BC052040	4
BC055324	1
BC068281	4
BC100451	0
BC147527	0
Babam1	3
Bace1	2
Bach1	4
Bach2	4
Bach2os	2
Bad	3
Bag1	5
Bag2	4
Bag3	5
Bag4	1
Bag5	5
Bag6	6
Bahcc1	3
Bahd1	0
Baiap2	3
Baiap2l1	1
Bambi	8
Banf1	5
Bank1	2
Banp	3
Bap1	2
Basp1	3
Batf	0
Bax	9
Baz1a	4
Baz1b	2
Baz2a	6
Baz2b	2
Bbc3	3
Bbip1	1
Bbs1	6
Bbs10	0
Bbs12	0
Bbs2	0
Bbs4	3
Bbs5	7
Bbs7	1
Bbs9	9
Bbx	2
Bcap29	1
Bcap31	10
Bcar3	0
Bcas2	7
Bcas3	3
Bcat1	0
Bcat2	3
Bccip	1
Bcdin3d	5
Bckdha	3
Bckdhb	0
Bckdk	5
Bcl10	1
Bcl11a	1
Bcl2	0
Bcl2a1a	7
Bcl2a1b	1
Bcl2l1	0
Bcl2l11	0
Bcl2l12	3
Bcl2l13	8
Bcl3	5
Bcl6	6
Bcl6b	4
Bcl7a	2
Bcl7b	3
Bcl7c	9
Bcl9	0
Bcl9l	6
Bclaf1	2
Bco2	2
Bcor	6
Bcorl1	2
Bcr	2
Bcs1l	4
Bdp1	4
Becn1	0
Bend3	9
Bend4	0
Bend5	3
Bend6	0
Best1	5
Bet1	1
Bet1l	7
Bfar	2
Bhlhb9	1
Bhlhe40	0
Bhlhe41	1
Bicd2	6
Bid	2
Bik	3
Bin1	3
Bin2	3
Bin3	9
Birc2	4
Birc3	1
Birc5	0
Birc6	4
Bivm	1
Blcap	1
Blm	0
Blmh	1
Blnk	3
Bloc1s1	9
Bloc1s2	7
Bloc1s3	3
Bloc1s4	4
Bloc1s5	0
Bloc1s6	0
Blvra	9
Blvrb	3
Blzf1	4
Bmf	3
Bmi1	1
Bmp1	2
Bmp2k	4
Bmpr1a	1
Bmpr2	4
Bms1	3
Bmyc	3
Bnc2	7
Bnip1	0
Bnip2	2
Bnip3	8
Bnip3l	8
Bod1	0
Bod1l	2
Bola1	3
Bola2	9
Bola3	7
Bop1	3
Bora	4
Bpgm	0
Bphl	3
Bpnt1	1
Bptf	2
Braf	4
Brap	6
Brat1	6
Brca1	0
Brca2	4
Brcc3	1
Brd1	2
Brd2	2
Brd3	2
Brd4	3
Brd7	2
Brd8	6
Brd9	2
Bre	0
Brf1	2
Brf2	5
Bri3	7
Bri3bp	3
Brip1	1
Brip1os	5
Brix1	1
Brk1	10
Brms1	3
Brms1l	1
Brox	0
Brpf1	2
Brpf3	2
Brs3	1
Brwd1	4
Brwd3	4
Bscl2	5
Bsdc1	2
Bsg	5
Bsn	6
Bst2	10
Btaf1	4
Btbd1	1
Btbd10	1
Btbd11	1
Btbd17	0
Btbd19	2
Btbd2	3
Btbd3	1
Btbd6	0
Btbd7	4
Btbd8	4
Btbd9	2
Btd	0
Btf3	7
Btf3l4	1
Btg1	1
Btg2	4
Btk	3
Btrc	2
Bub1	0
Bub1b	0
Bub3	5
Bud13	3
Bud31	7
Bysl	0
Bzw1	1
Bzw2	3
C030006K11Rik	3
C030034I22Rik	4
C030034L19Rik	2
Zfp607b	1
C130046K22Rik	2
C130050O18Rik	0
C1d	1
C1galt1	1
C1galt1c1	1
C1qa	5
C1qb	3
C1qbp	3
C1qc	5
C1ra	6
C1rl	2
C230091D08Rik	7
C2cd2	5
C2cd2l	3
C2cd3	0
C2cd5	3
C3	1
Tmem250-ps	2
Steep1	1
C330018D20Rik	4
Cip2a	5
C3ar1	8
C4b	10
C5ar1	5
C5ar2	0
C87436	5
C920009B18Rik	1
C920021L13Rik	4
H2-T-ps	0
Caap1	0
Cab39	1
Cab39l	1
Cabin1	6
Cables1	3
Cables2	3
Cacfd1	2
Cacna1a	0
Cacna1d	4
Cacna1s	0
Cacnb2	1
Cacnb4	0
Cactin	3
Cacul1	1
Cacybp	4
Cad	6
Cadm1	8
Cage1	0
Cahm	4
Calcoco1	3
Calcrl	1
Calhm2	0
Calm2	7
Calm3	3
Calr	0
Calr3	0
Calu	1
Camk1	7
Camk1d	6
Camk2a	0
Camk2b	3
Camk2d	1
Camk2g	2
Camk2n1	7
Camkk1	6
Camkk2	6
Camkmt	0
Caml	1
Camp	1
Camsap1	2
Camsap2	0
Camta1	4
Camta2	2
Cand1	8
Cand2	6
Cant1	3
Canx	1
Cap1	6
Capg	5
Capn1	3
Capn10	9
Capn11	0
Capn15	6
Capn2	5
Capn3	3
Capn5	6
Capn7	4
Capns1	5
Caprin1	8
Caprin2	0
Capza1	1
Capza2	1
Capzb	5
Car12	0
Car7	1
Car9	1
Card11	5
Card6	0
Card9	2
Carf	4
Carhsp1	3
Naxd	3
Carm1	6
Carns1	6
Cars	6
Cars2	2
Casc3	6
Golm2	1
Knl1	0
Casd1	1
Cask	1
Casp1	0
Casp12	0
Casp2	1
Casp3	0
Casp4	0
Casp6	3
Casp7	0
Casp8	1
Casp8ap2	4
Casp9	8
Cass4	0
Cast	3
Casz1	0
Cat	5
Catip	4
Cav1	7
Cav2	8
Cbfa2t2	1
Cbfa2t3	6
Cbfb	1
Cbl	4
Cblb	1
Cbll1	1
Cbr1	3
Cbr2	0
Cbr3	5
Cbr4	0
Cbwd1	4
Cbx1	2
Cbx2	0
Cbx3	4
Cbx4	6
Cbx5	1
Cbx6	3
Cbx7	2
Cbx8	2
Cby1	3
Cc2d1a	6
Cc2d1b	3
Cc2d2a	2
Ccar1	2
Ccar2	6
Kyat1	0
Kyat3	0
Sgf29	2
Ccdc102a	3
Ccdc106	2
Ccdc107	9
Mcub	1
Ccdc112	4
Ccdc115	4
Ccdc117	4
Ccdc12	9
Ccdc122	1
Ccdc124	3
Ccdc125	2
Ccdc126	1
Ccdc127	8
Ccdc130	9
Vps50	0
Ccdc134	2
Ccdc137	2
Ccdc138	0
Ccdc14	3
Ccdc142	2
Ccdc149	2
Ccdc15	0
Ccdc157	0
Ccdc162	2
Ccdc163	3
Ccdc166	7
Ccdc167	2
Ccdc17	1
Ccdc171	1
Ccdc173	2
Ccdc174	2
Ccdc18	0
Ccdc181	3
Ccdc186	2
Ccdc22	3
Svbp	7
Ccdc25	1
Ccdc28a	2
Ccdc28b	2
Ccdc32	3
Ccdc34	7
Iho1	3
Ccdc43	1
Ccdc47	5
Ccdc50	1
Ccdc51	0
Washc3	0
Nsrp1	9
Ccdc57	2
Ccdc58	4
Ccdc59	0
Ccdc6	0
Ccdc61	3
Ccdc62	4
Ccdc66	2
Ccdc69	0
Ccdc71	6
Ccdc71l	1
Ccdc73	4
Ccdc77	2
Ccdc8	2
Ccdc80	2
Ccdc82	4
Ccdc84	2
Ccdc85b	3
Ccdc86	3
Ccdc88a	7
Ccdc88b	3
Ccdc9	2
Ccdc90b	1
Ccdc91	3
Ccdc93	6
Yju2	3
Ccdc97	6
Cchcr1	6
Ccl12	10
Ccl2	4
Ccl24	3
Ccl25	1
Ccl3	7
Ccl4	7
Ccl5	5
Ccl6	1
Ccl7	1
Ccl8	1
Ccl9	7
Ccm2	3
Ccna2	0
Ccnb2	0
Ccnc	1
Ccnd1	3
Ccnd3	3
Ccndbp1	0
Ccne2	1
Ccnf	5
Ccng1	1
Ccng2	1
Ccnh	1
Ccni	1
Ccnj	2
Ccnk	4
Ccnl1	2
Ccnl2	2
Ccnt1	4
Ccnt2	4
Ccny	0
Ccnyl1	0
Ccp110	4
Ccpg1	5
Ccpg1os	9
Ccr1	4
Ccr1l1	0
Ccr3	0
Ccr5	8
Ccr6	0
Ccrl2	8
Noct	0
Ccs	9
Ccser2	1
Cct2	0
Cct3	0
Cct4	1
Cct5	5
Cct6a	8
Cct7	5
Cct8	0
Ccz1	1
Cd101	10
Cd14	5
Cd151	3
Cd164	1
Cd177	1
Cd180	10
Cd1d1	0
Cd200r1	1
Cd200r4	10
Cd209a	1
Cd22	5
Cd244	10
Cd24a	1
Cd274	8
Cd276	0
Cd2ap	4
Cd2bp2	2
Cd300a	0
Cd300lb	3
Cd300ld	8
Cd300lf	4
Cd302	1
Cd320	5
Cd33	1
Cd34	8
Cd36	1
Cd37	5
Cd38	1
Cd3eap	3
Cd40	10
Cd44	10
Cd47	1
Cd48	1
Cd5	0
Cd52	10
Cd53	1
Cd55	0
Cd5l	0
Cd63	10
Cd68	5
Cd69	0
Cd72	0
Cd74	8
Cd79b	3
Cd80	1
Cd81	8
Cd82	5
Cd83	1
Cd84	1
Cd86	1
Cd9	8
Cd93	1
Cd99l2	8
Cdadc1	2
Cdan1	2
Cdc123	7
Cdc14a	1
Cdc14b	0
Cdc16	5
Cdc20	5
Cdc23	3
Cdc25a	3
Cdc25b	0
Cdc26	0
Cdc27	0
Cdc34	3
Cdc37	3
Cdc37l1	4
Cdc40	1
Cdc42	1
Cdc42bpa	4
Cdc42bpb	2
Cdc42ep1	5
Cdc42ep3	8
Cdc42ep4	5
Cdc42se1	3
Cdc42se2	1
Cdc45	1
Cdc5l	3
Cdc6	1
Cdc7	0
Cdc73	1
Cdca2	0
Cdca3	0
Cdca4	1
Cdca5	0
Cdca7	0
Cdca8	0
Cdh23	5
Cdh5	0
Cdhr1	0
Cdip1	1
Cdipt	5
Cdk1	0
Cdk10	2
Cdk11b	2
Cdk12	4
Cdk13	2
Cdk14	0
Cdk16	2
Cdk17	1
Cdk18	0
Cdk19	1
Cdk2	0
Cdk20	9
Cdk2ap1	3
Cdk2ap2	9
Cdk4	7
Cdk5	2
Cdk5r1	2
Cdk5rap1	3
Cdk5rap2	6
Cdk5rap3	3
Cdk6	4
Cdk7	4
Cdk8	2
Cdk9	3
Cdkal1	3
Cdkl3	0
Cdkl4	0
Cdkn1a	0
Cdkn1b	2
Cdkn1c	3
Cdkn2aip	4
Cdkn2aipnl	1
Cdkn2b	9
Cdkn2c	0
Cdkn2d	5
Cdkn3	0
Cdpf1	0
Cdr2	2
Cds1	0
Cds2	1
Cdt1	0
Cdv3	4
Cdyl	8
Cdyl2	4
Ceacam1	3
Cebpa	3
Cebpb	3
Cebpd	3
Cebpg	4
Cebpz	3
Cebpzos	7
Cecr2	2
Hdhd5	2
Celf1	4
Celf2	1
Celf4	5
Cenpa	0
Cenpb	6
Cenpc1	4
Cenpe	0
Cenpf	0
Cenpi	0
Cenpj	0
Cenpk	1
Cenpl	1
Cenpn	0
Cenpo	5
Cenpq	7
Cenpt	0
Cenpv	9
Cep104	6
Cep112	4
Cep120	6
Cep128	0
Cep131	2
Cep135	4
Cep152	1
Cep162	2
Cep164	2
Cep170	1
Cep19	0
Cep192	4
Cep250	2
Cep290	4
Cep295	2
Cep350	2
Cep41	8
Cep44	4
Cep55	0
Cep57	0
Cep57l1	2
Cep63	2
Cep68	0
Cep70	7
Cep72	2
Cep76	1
Cep78	3
Cep83	4
Cep83os	1
Cep85	0
Cep85l	4
Cep89	3
Cep95	4
Cep97	0
Cept1	1
Cercam	3
Cerk	6
Cers2	8
Cers4	5
Cers5	1
Cers6	1
Cetn2	1
Cetn3	1
Cfap20	2
Cfap36	2
Cfap74	2
Cfap97	1
Cfb	0
Cfdp1	7
Cfh	1
Cfl1	5
Cfl2	4
Cflar	2
Cfp	0
Cggbp1	1
Cgref1	2
Cgrrf1	7
Ch25h	0
Chac2	10
Chad	0
Chaf1a	0
Chaf1b	1
Champ1	8
Chchd1	7
Chchd2	7
Chchd3	7
Chchd4	7
Chchd5	9
Chchd6	3
Chchd7	7
Chd1	0
Chd1l	3
Chd2	4
Chd3	2
Rnf227	1
Chd4	2
Chd6	4
Chd7	2
Chd8	4
Chd9	4
Chek1	1
Chek2	0
Cherp	6
Chfr	0
Chic1	1
Chic2	1
Chid1	2
Chil1	1
Chil3	1
Chka	0
Chkb	2
Chm	1
Chml	1
Chmp1a	3
Chmp1b	1
Chmp2a	9
Chmp2b	1
Chmp3	8
Chmp4b	7
Chmp5	7
Chmp6	3
Chmp7	5
Chn1	0
Chn2	3
Chordc1	0
Chp1	1
Chpf	3
Chpf2	6
Chpt1	4
Chrac1	7
Chst1	10
Chst10	0
Chst11	0
Chst12	5
Chst14	0
Chst15	1
Chst2	5
Chst7	3
Chst8	5
Chsy1	8
Chtf18	0
Chtf8	0
Chtop	2
Chuk	4
Churc1	7
Ciao1	0
Ciapin1	3
Cib1	9
Cib2	0
Cic	2
Cinp	0
Cipc	0
Cir1	3
Cirbp	0
Utp4	8
Cisd1	0
Cisd2	1
Cisd3	5
Cited2	0
Ciz1	2
Ckap2	1
Ckap2l	0
Ckap4	5
Ckap5	0
Ckb	3
Cklf	1
Cks1b	7
Clasp1	4
Clasp2	4
Clasrp	2
Clcc1	5
Clcf1	2
Clcn2	3
Clcn3	1
Clcn4	8
Clcn5	1
Clcn6	0
Clcn7	8
Cldn1	1
Cldn12	1
Cldnd1	1
Clec12a	1
Clec16a	4
Clec1a	10
Clec1b	10
Clec4a1	0
Clec4a2	4
Clec4a3	4
Clec4n	0
Clec5a	4
Clec7a	10
Clgn	2
Clic1	3
Clic4	1
Clic6	0
Clint1	1
Clip1	2
Clip2	6
Clk1	2
Clk2	2
Clk3	3
Clk4	2
Cln3	5
Cln5	8
Cln6	5
Cln8	8
Clns1a	1
Clock	4
Clp1	1
Clpb	3
Clpp	9
Clptm1	8
Clptm1l	8
Clpx	6
Clstn1	6
Clta	9
Cltb	5
Cltc	1
Clu	0
Cluap1	2
Cluh	0
Clybl	7
Cmas	5
Cmc1	7
Cmc2	0
Cmc4	7
Cmip	3
Cmklr1	4
Nat8f1	0
Cmpk1	1
Cmpk2	10
Cmss1	0
Cmtm3	5
Cmtm4	4
Cmtm6	8
Cmtm7	9
Cmtm8	9
Cmtr2	8
Cmya5	2
Cnbd2	2
Cnbp	1
Cndp2	5
Cnep1r1	1
Cnga2	2
Cnih1	1
Cnih4	1
Cnksr3	0
Cnn2	0
Cnn3	0
Cnnm2	6
Cnnm3	0
Cnnm4	0
Cnot1	4
Cnot10	2
Cnot11	0
Cnot2	6
Cnot3	6
Cnot4	1
Cnot6	1
Cnot6l	1
Cnot7	1
Cnot8	0
Cnp	5
Cnppd1	3
Cnpy2	7
Cnpy3	3
Cnpy4	0
Cnr2	1
Cnrip1	0
Cnst	6
Cntln	4
Cntn1	0
Cntrl	2
Cntrob	2
Coa3	9
Coa4	2
Coa5	1
Coa6	7
Coa7	0
Coasy	3
Cog1	6
Cog2	6
Cog3	6
Cog4	6
Cog5	0
Cog6	1
Cog7	3
Cog8	6
Coil	0
Col14a1	3
Col15a1	2
Col1a2	0
Col23a1	6
Col25a1	0
Col27a1	2
Cert1	4
Col6a3	8
Col8a1	0
Colec12	0
Colgalt1	1
Commd1	0
Commd10	1
Commd2	7
Commd3	7
Commd4	9
Commd5	5
Commd6	7
Commd7	7
Commd8	1
Commd9	5
Comt	3
Comtd1	9
Copa	8
Copb1	1
Copb2	8
Cope	3
Copg1	6
Copg2	0
Coprs	1
Cops2	0
Cops3	1
Cops4	10
Cops5	4
Cops6	10
Cops7a	0
Cops7b	0
Cops8	5
Copz1	0
Copz2	2
Coq10a	3
Coq10b	1
Coq2	0
Coq3	1
Coq4	3
Coq5	0
Coq6	2
Coq7	7
Coq9	3
Coro1a	5
Coro1b	3
Coro1c	5
Coro2a	5
Coro7	5
Cotl1	3
Cox10	5
Cox11	4
Cox14	7
Cox15	1
Cox16	7
Cox17	7
Cox18	3
Cox19	9
Cox20	7
Cox4i1	7
Cox5a	7
Cox5b	7
Cox6a1	7
Cox6a2	10
Cox6b1	7
Cox6c	7
Cox7a2	7
Cox7a2l	7
Cox7b	7
Cox8a	7
Cp	0
Cpd	1
Cpe	10
Cpeb1	1
Cpeb2	1
Cpeb3	0
Cpeb4	1
Cpne1	8
Cpne2	5
Cpne3	1
Cpox	5
Cpped1	0
Cpq	10
Cpsf1	6
Cpsf2	1
Cpsf3	5
Ints11	2
Cpsf4	2
Cpsf6	1
Cpsf7	2
Cpt1a	6
Cpt2	3
Cptp	0
Cr1l	1
Cracr2b	2
Cradd	0
Cramp1	4
Crat	6
Crbn	1
Crcp	9
Creb1	1
Creb3	5
Creb3l1	5
Creb3l2	6
Creb5	1
Crebbp	2
Crebl2	0
Crebrf	1
Crebzf	4
Creg1	10
Creld1	3
Creld2	9
Crem	0
Crim1	6
Crip1	5
Cript	7
Crk	1
Crkl	1
Crlf2	5
Crlf3	4
Crls1	7
Crnkl1	1
Crocc	3
Crot	8
Crtap	5
Crtc1	6
Crtc2	3
Crtc3	2
Cry1	1
Cry2	3
Cryab	0
Cryba4	9
Crybb1	3
Crybg3	0
Cryl1	0
Cryz	0
Cryzl1	8
Cs	8
Csad	3
Csde1	1
Cse1l	8
Csf1	5
Csf1r	6
Csf2ra	5
Csf2rb	0
Csf2rb2	0
Csf3r	6
Csgalnact2	1
Csk	3
Csmd3	4
Csnk1a1	1
Csnk1d	6
Csnk1e	2
Csnk1g1	4
Csnk1g2	3
Csnk1g3	1
Csnk2a1	0
Csnk2a2	4
Csnk2b	3
Cspg4	5
Cspp1	4
Csrnp1	0
Csrnp2	0
Csrp1	1
Kat14	0
Cst3	9
Cst7	10
Cstb	7
Cstf1	0
Cstf2	8
Cstf2t	1
Cstf3	4
Ctage5	2
Ctbp1	3
Ctbp2	2
Ctbs	1
Ctc1	2
Ctcf	1
Ctdnep1	10
Ctdp1	6
Ctdsp1	4
Ctdsp2	0
Ctdspl	0
Ctdspl2	1
Ctif	9
Ctla2b	1
Ctnna1	5
Ctnnal1	5
Ctnnb1	0
Ctnnbip1	0
Ctnnbl1	3
Ctnnd1	1
Ctnnd2	0
Ctns	8
Ctps	1
Ctps2	0
Ctr9	6
Ctsa	3
Ctsb	5
Ctsc	5
Ctsd	3
Ctse	3
Ctsf	3
Ctsh	10
Ctsl	10
Ctso	1
Ctss	5
Ctsz	5
Cttnbp2nl	0
Ctu1	7
Ctu2	3
Cuedc2	3
Cul1	0
Cul2	1
Cul3	1
Cul4a	6
Cul4b	1
Cul5	1
Cul7	6
Cul9	6
Cuta	9
Cutc	7
Cux1	3
Cux2	0
Cwc15	7
Cwc22	3
Cwc25	0
Cwc27	0
Cwf19l1	0
Cwf19l2	1
Cx3cr1	6
Cxcl10	10
Cxcl13	0
Cxcl16	10
Cxcl17	1
Cxcl9	1
Cxcr3	0
Rtl8c	5
Cxxc1	2
Cxxc5	5
Cyb561a3	8
Cyb561d1	0
Cyb561d2	5
Cyb5a	7
Cyb5b	1
Cyb5d2	0
Cyb5r1	8
Cyb5r3	3
Cyb5r4	0
Cyb5rl	0
Cyba	5
Cybb	10
Cyc1	3
Cycs	0
Cyfip1	8
Cyfip2	1
Cyhr1	3
Cyld	1
Cyp20a1	8
Cyp27a1	2
Cyp2d22	3
Cyp2r1	1
Cyp2u1	8
Cyp46a1	0
Cyp4f13	3
Cyp4f16	5
Cyp4f18	5
Cyp4v3	8
Cyp51	1
Cysltr1	1
Cyth1	3
Cyth2	3
Cyth3	5
Cyth4	6
Cytip	0
D030028A08Rik	2
D030056L22Rik	1
Gatd3a	3
Nopchap1	0
D11Wsu47e	0
D130017N08Rik	0
D130040H23Rik	1
Fam91a1	1
D16Ertd472e	1
D17H6S53E	2
D17H6S56E-5	10
Ilrun	2
Pum3	3
Macir	1
Phaf1	8
Spout1	2
D2hgdh	3
D330023K18Rik	1
Radx	0
Zfp267	1
D3Ertd751e	0
D430020J02Rik	5
Katnip	0
D5Ertd579e	2
D5Ertd605e	10
D630045J12Rik	2
D6Wsu163e	1
D730005E14Rik	1
D7Ertd443e	0
D830031N03Rik	4
D830046C22Rik	0
D8Ertd738e	9
Prag1	6
Tmem131l	0
Thoc2l	2
Daam1	1
Dab2	0
Dact1	10
Dact3	3
Dad1	7
Dag1	8
Dagla	6
Daglb	5
Dalrd3	2
Dand5	2
Dap	5
Dap3	3
Dapk1	2
Dapk3	3
Dapp1	3
Dars	1
Dars2	5
Daxx	3
Dazap1	6
Dazap2	8
Dbf4	0
Dbi	7
Dbndd2	3
Dbnl	3
Dbp	2
Dbr1	1
Dbt	1
Dcaf10	1
Dcaf11	0
Dcaf12	1
Dcaf13	0
Dcaf15	2
Dcaf17	4
Dcaf4	5
Dcaf5	2
Dcaf6	2
Dcaf7	8
Dcaf8	6
Dcakd	3
Dcbld2	1
Dchs1	0
Dck	1
Dclk2	2
Dclre1a	0
Dclre1b	1
Dclre1c	2
Dcp1a	0
Dcp1b	3
Dcp2	4
Dcps	3
Dctd	1
Dctn1	6
Dctn2	3
Dctn3	9
Dctn4	1
Dctn5	2
Dctn6	2
Dctpp1	7
Dcun1d1	1
Dcun1d2	0
Dcun1d3	4
Dcun1d4	1
Dcun1d5	4
Dcxr	9
Dda1	3
Ddah2	3
Ddb1	8
Ddb2	0
Ddhd1	0
Ddhd2	4
Ddi2	2
Ddias	1
Ddit3	2
Ddit4	3
Ddost	5
Ddrgk1	3
Ddt	9
Ddx1	1
Ddx10	0
Ddx11	6
Ddx17	2
Ddx18	5
Ddx19a	6
Ddx19b	0
Ddx20	8
Ddx21	3
Ddx23	2
Ddx24	3
Ints6l	4
Ddx27	3
Ddx28	8
Ddx31	6
Ddx39a	2
Ddx39b	5
Ddx3x	6
Ddx3y	4
Ddx41	2
Ddx42	6
Ddx43	2
Ddx46	2
Ddx47	5
Ddx49	3
Ddx5	2
Ddx50	2
Ddx51	3
Ddx52	3
Ddx54	3
Ddx55	0
Ddx56	5
Ddx58	8
Ddx59	0
Ddx6	2
Ddx60	4
Deaf1	2
Ss18l2	2
Decr1	1
Decr2	5
Dedd	0
Dedd2	0
Def6	3
Def8	6
Degs1	8
Degs2	2
Dek	7
Dennd1a	3
Dennd1b	1
Dennd1c	3
Dennd2a	0
Dennd2c	0
Dennd2d	1
Dennd3	0
Dennd4a	4
Dennd4b	6
Dennd4c	1
Dennd5a	3
Dennd6a	1
Dennd6b	2
Denr	7
Depdc5	0
Depdc7	1
Deptor	2
Dera	0
Derl1	8
Derl2	1
Derl3	0
Desi1	0
Desi2	1
Det1	0
Dexi	5
Dffa	3
Dffb	2
Dfna5	0
Dgat1	5
Dgat2	10
Ess2	3
Dgcr2	8
Dgcr6	0
Dgcr8	0
Dgka	2
Dgkd	4
Dgke	1
Dgkh	6
Dgkq	2
Dgkz	6
Dguok	1
Dhcr7	8
Dhdds	8
Dhdh	2
Dhfr	0
Dhodh	3
Dhps	2
Dhrs1	5
Dhrs11	3
Dhrs3	3
Dhrs4	3
Dhrs7	8
Dhrs7b	10
Dhrsx	3
Dhtkd1	0
Dhx15	1
Dhx16	3
Dhx29	0
Dhx30	6
Dhx32	6
Dhx33	0
Dhx34	6
Dhx35	6
Dhx36	1
Dhx37	6
Dhx38	3
Dhx40	0
Dhx57	2
Dhx58	0
Dhx8	6
Dhx9	4
Diablo	10
Diap1	0
Diap2	1
Dicer1	4
Dido1	4
Utp25	2
Dimt1	4
Dip2a	2
Dip2b	4
Dip2c	4
Slc49a4	8
Dis3	4
Dis3l	6
Dis3l2	5
Disc1	4
Disp1	6
Dixdc1	1
Dkc1	0
Dlat	0
Dlc1	4
Dld	1
Dleu2	2
Dlg1	1
Dlg3	6
Dlg4	2
Dlg5	5
Dlgap4	3
Dlgap5	5
Dll1	1
Dlst	3
Dmap1	2
Dmrtb1	2
Dmtf1	4
Dmtn	3
Dmwd	2
Dmxl1	1
Dmxl2	4
Dna2	1
Dnaaf2	0
Dnaaf3	0
Dnaaf5	3
Dnah17	2
Dnah2	0
Dnah8	0
Dnaja1	0
Dnaja2	1
Dnaja3	8
Dnaja4	5
Dnajb1	0
Dnajb11	0
Dnajb12	3
Dnajb14	4
Dnajb2	3
Dnajb4	1
Dnajb5	6
Dnajb6	0
Dnajb7	0
Dnajb9	1
Dnajc1	2
Dnajc10	8
Dnajc11	6
Dnajc12	0
Dnajc13	4
Dnajc14	3
Dnajc15	7
Dnajc16	0
Dnajc17	2
Dnajc18	5
Dnajc19	1
Dnajc2	9
Dnajc21	9
Dnajc24	7
Dnajc25	7
Dnajc27	0
Dnajc28	2
Dnajc3	1
Dnajc30	0
Dnajc4	3
Dnajc5	4
Dnajc7	2
Dnajc8	5
Dnajc9	8
Dnal4	3
Dnase1l1	5
Dnase1l2	2
Dnase2a	6
Dnd1	2
Dnlz	3
Dnm1l	1
Dnm2	6
Dnmbp	2
Dnmt1	6
Dnmt3a	2
Dnmt3b	4
Dnpep	3
Dnph1	5
Dnttip1	9
Dnttip2	4
Doc2a	3
Dock1	0
Dock10	4
Dock11	1
Dock2	8
Dock4	1
Dock6	6
Dock7	4
Dock8	4
Dock9	0
Dohh	3
Dok1	3
Dok3	2
Dok4	0
Dolk	8
Dolpp1	2
Donson	0
Dop1a	4
Dop1b	0
Dot1l	2
Dpagt1	8
Dpcd	9
Dpf2	5
Dph1	0
Dph2	3
Dph3	9
Dph5	0
Dph6	1
Dph7	0
Dpm1	1
Dpm2	9
Dpm3	7
Dpp3	6
Dpp7	5
Dpp8	4
Dpp9	6
Dpy19l1	1
Dpy19l3	1
Dpy19l4	1
Dpy30	7
Dpysl2	8
Dpysl5	0
Dr1	1
Dram2	1
Drap1	9
Drg1	1
Drg2	3
Drosha	6
Dscc1	1
Vps26c	0
Dse	1
Dsel	1
Dsn1	4
Dst	2
Dstn	8
Dstyk	1
Dtd1	5
Dtd2	1
Dtl	1
Dtnb	0
Dtnbp1	0
Dtwd1	0
Dtwd2	4
Dtx2	3
Dtx3	3
Dtx3l	1
Dtx4	8
Dtymk	2
Duoxa1	8
Dus1l	2
Dus2	3
Dus3l	2
Dus4l	2
Dusp10	0
Dusp11	4
Dusp12	2
Dusp16	1
Dusp18	0
Dusp19	7
Dusp2	0
Dusp22	2
Dusp23	3
Dusp27	5
Dusp28	3
Dusp3	0
Dusp6	6
Dusp7	6
Dusp8	2
Dut	4
Dvl1	2
Dvl2	3
Dvl3	3
Dxo	3
Dym	6
Dync1h1	2
Dync1i2	5
Dync1li1	5
Dync1li2	4
Dync2h1	4
Dync2li1	3
Dynll1	0
Dynll2	2
Dynlrb1	7
Dynlt1b	0
Dynlt3	1
Dyrk1a	4
Dyrk1b	3
Dyrk2	2
Dyrk4	2
Dzank1	0
Dzip3	4
E030024N20Rik	1
Epop	3
E130215H24Rik	4
E130307A14Rik	2
E130308A19Rik	0
E130309D02Rik	3
E130311K13Rik	0
E130317F20Rik	1
E230013L22Rik	0
E230029C05Rik	1
E2f1	1
E2f2	5
E2f3	0
E2f4	3
E2f5	7
E2f6	0
E2f8	0
E330020D12Rik	4
E330033B04Rik	4
E430018J23Rik	4
Washc5	6
E4f1	2
Eaf1	0
Eapp	1
Ears2	9
Ebag9	4
Ebf3	2
Ebi3	10
Ebna1bp2	9
Ebp	10
Ebpl	10
Ecd	5
Ece1	5
Ece2	8
Ech1	3
Echdc1	8
Echs1	5
Eci1	9
Eci2	9
Ecscr	0
Ecsit	0
Ect2	1
Edc3	1
Edc4	6
Edem1	1
Edem2	5
Edem3	1
Edf1	3
Edn1	0
Ednrb	2
Edrf1	0
Eea1	2
Eed	1
Eef1a1	7
Eef1b2	7
Eef1d	5
Eef1e1	1
Eef1g	5
Eef2	5
Eef2k	6
Eef2kmt	2
Eefsec	5
Eepd1	6
Efcab14	1
Efcab2	0
Efcab7	2
Efemp2	6
Efhc1	0
Efhd2	3
Efnb1	6
Efnb2	1
Efr3a	8
Efr3b	1
Efl1	0
Eftud2	6
Egln1	5
Egln2	3
Egln3	10
Egr2	4
Ehbp1	0
Ehbp1l1	6
Ehd1	0
Ehd4	6
Ehhadh	0
Ehmt1	6
Ehmt2	9
Ei24	7
Eid1	1
Eid2	0
Eid2b	2
Eid3	0
Eif1	9
Eif1a	1
Eif1ad	7
Eif1ax	1
Eif1b	7
Eif2a	1
Eif2ak1	5
Eif2ak2	4
Eif2ak3	6
Eif2ak4	2
Eif2b1	0
Eif2b2	3
Eif2b3	0
Eif2b4	3
Eif2b5	6
Eif2d	3
Eif2s1	1
Eif2s2	7
Eif2s3y	4
Eif3a	4
Eif3b	5
Eif3c	6
Eif3d	3
Eif3e	1
Eif3f	7
Eif3g	3
Eif3h	7
Eif3i	7
Eif3k	7
Eif3l	5
Eif3m	7
Eif4a1	3
Eif4a2	2
Eif4a3	3
Eif4b	6
Eif4e	1
Eif4e2	2
Eif4e3	1
Eif4ebp1	9
Eif4ebp2	2
Eif4ebp3	2
Eif4enif1	6
Eif4g1	6
Eif4g2	4
Eif4g3	6
Eif4h	3
Eif5	4
Eif5a	5
Eif5a2	1
Eif5b	9
Eif6	5
Elac1	4
Elac2	6
Elane	1
Elavl1	8
Elavl4	4
Elf1	1
Elf2	4
Elf4	0
Elk1	0
Elk3	5
Elk4	1
Ell	3
Ell2	1
Elmo1	8
Elmo2	6
Elmod2	1
Elmod3	3
Mideas	2
Elof1	9
Elovl1	8
Elovl5	1
Elp2	5
Elp3	5
Elp4	1
Elp5	0
Elp6	0
Emc1	8
Emc10	5
Emc2	1
Emc3	10
Emc4	8
Emc6	7
Emc7	1
Emc8	1
Emc9	3
Emd	3
Eme2	6
Emg1	2
Emilin1	2
Emilin2	8
Eml2	0
Eml3	6
Eml4	1
Eml5	4
Eml6	2
Emp2	5
Emp3	5
Enc1	0
Endod1	8
Endog	5
Endov	2
Eng	6
Engase	3
Eno3	3
Enoph1	0
Enox2	0
Enpp1	8
Enpp2	0
Enpp4	1
Enpp5	7
Ensa	2
Tepsin	3
Entpd1	6
Entpd5	1
Entpd6	2
Entpd7	0
Eny2	7
Eogt	1
Ep300	4
Ep400	2
Epb41	6
Epb41l1	7
Epb4.1l2	2
Epb41l3	5
Epb41l5	0
Epc1	4
Epc2	4
Epg5	1
Epha2	6
Ephb3	6
Ephb6	5
Ephx1	10
Ephx2	0
Epm2aip1	4
Epn1	3
Epn2	2
Epor	2
Eprs	5
Eps15	1
Eps15l1	2
Eps8	6
Eps8l1	2
Epsti1	5
Ept1	1
Eral1	0
Erap1	1
Erbin	4
Erc1	4
Erc2	0
Ercc1	3
Ercc2	6
Ercc3	3
Ercc4	0
Ercc5	2
Ercc6	0
Ercc6l	0
Ercc6l2	0
Ercc8	0
Erf	2
Ergic1	6
Ergic2	4
Ergic3	5
Eri1	1
Eri2	1
Eri3	3
Erich1	0
Erlec1	1
Erlin1	1
Erlin2	1
Ermap	0
Ermard	2
Ermp1	1
Ern1	0
Ero1a	8
Ero1b	1
Erp29	2
Erp44	1
Errfi1	1
Esco1	4
Esco2	1
Esd	7
Esf1	7
Espl1	5
Esr1	1
Esrra	2
Esrrg	1
Esyt1	8
Esyt2	1
Etaa1	1
Etf1	1
Etfa	1
Etfb	5
Etfdh	0
Ethe1	3
Etl4	1
Etnk1	1
Etohd2	4
Zfp971	4
Ets1	1
Ets2	6
Etv1	1
Etv3	1
Etv5	8
Etv6	8
Eva1a	4
Eva1b	3
Evi2a	1
Evi5	4
Evi5l	0
Evl	3
Ewsr1	4
Exd1	0
Exd2	0
Exo1	0
Exo5	1
Exoc1	0
Exoc2	1
Exoc3	0
Exoc4	2
Exoc5	1
Exoc6	1
Exoc6b	1
Exoc7	3
Exoc8	1
Exog	0
Exosc1	7
Exosc10	6
Exosc2	0
Exosc3	1
Exosc4	8
Exosc5	3
Exosc6	3
Exosc7	0
Exosc8	0
Exosc9	1
Ext1	6
Ext2	5
Extl2	8
Extl3	0
Eya3	0
Eya4	1
Ezh1	6
Ezh2	0
Ezr	5
F11r	8
F13a1	5
F3	5
F8a	5
F9	0
Faap100	6
Faap20	9
Faap24	3
Fadd	3
Fads1	6
Fads3	4
Faf1	0
Faf2	1
Fahd1	2
Fahd2a	1
Faim	7
Rflnb	1
Fam102a	6
Fam102b	1
Ramac	1
Fam104a	0
Otulinl	1
Fam107b	1
Pheta1	3
Fam110a	0
Fam111a	0
Fam114a1	9
Fam114a2	2
Fam117a	0
Fam117b	1
Fam118a	1
Fam118b	0
Fam120a	2
Fam120aos	4
Fam120b	1
Fam120c	0
Fam122a	2
Fam122b	1
Fam126a	1
Fam126b	4
Niban1	8
Niban2	5
Niban3	2
Fam131a	3
Fam133b	1
Retreg2	8
Retreg1	8
Retreg3	0
Fam135a	0
Fam136a	0
Fam13a	0
Fam13b	4
Fam149a	5
Fam149b	2
Fam151b	1
Fhip1b	2
Fhip2a	6
Fhip2b	2
Fam161b	2
Fam162a	7
Fam167b	5
Fam168a	2
Fam168b	1
Fam171a1	0
Fam172a	8
Antkmt	9
Atpsckmt	2
Fam174a	1
Abraxas1	1
Abraxas2	8
Slf2	4
Togaram1	4
Fam185a	0
Mindy3	1
Mindy4	3
Fam189b	0
Psme3ip1	3
Fam193a	2
Fam193b	2
Mcrip2	3
Mcrip1	7
Insyn2a	4
Insyn2b	4
Fam199x	1
Fam204a	4
Abitram	1
Fam207a	3
Tasor	4
Tasor2	4
Fam20b	1
Fam20c	5
Washc2	3
Fam210a	4
Fam210b	6
Inka1	0
Inka2	4
Prxl2a	1
Prxl2b	5
Fam214a	6
Fam214b	3
Fam216a	1
Fam217b	6
Fam219a	3
Fam219b	0
Fam220a	0
Fam222b	8
Calhm6	10
Fam32a	9
Shld2	4
Fam3a	3
Fam3c	1
Fam43a	0
Dennd10	1
Tent5a	4
Tent5c	1
Cyria	8
Cyrib	1
Fam50a	3
Fam53a	3
Fam53b	6
Fam53c	0
Ccnq	0
Mindy1	3
Mindy2	1
Pimreg	0
Ripor1	5
Ripor2	0
Dipk1a	0
Dipk1b	5
Fam72a	4
Miga1	0
Miga2	3
Fam76a	1
Fam76b	1
Fam78a	0
Fam83g	0
Lratd2	0
Fam89a	5
Fam89b	3
Fam8a1	1
Cibar1	4
Ciao2a	1
Ciao2b	9
Fam98a	0
Fam98b	2
Fam98c	3
Fan1	1
Fancb	1
Fancc	0
Fancd2	1
Fance	2
Fancf	0
Fancg	0
Fanci	0
Fancl	1
Fancm	0
Far1	4
Farp1	0
Farp2	0
Fars2	0
Farsa	3
Farsb	5
Fas	0
Fasn	0
Fastk	2
Fastkd1	8
Fastkd2	1
Fastkd3	2
Fastkd5	1
Fat1	0
Fat3	4
Fbf1	3
Fblim1	0
Fbln1	0
Fbrs	2
Fbrsl1	6
Fbxl12	2
Fbxl12os	4
Fbxl14	6
Fbxl15	3
Fbxl17	1
Fbxl18	2
Fbxl19	2
Fbxl20	0
Fbxl21	0
Fbxl22	4
Fbxl3	1
Fbxl4	1
Fbxl5	1
Fbxl6	3
Fbxl7	0
Fbxl8	6
Fbxo10	5
Fbxo11	4
Fbxo17	3
Fbh1	0
Fbxo21	5
Fbxo22	5
Fbxo25	0
Fbxo28	1
Fbxo3	1
Fbxo30	1
Fbxo31	6
Fbxo32	3
Fbxo33	1
Fbxo34	0
Fbxo36	0
Fbxo38	0
Fbxo4	0
Fbxo40	1
Fbxo42	1
Fbxo44	0
Fbxo45	1
Fbxo46	0
Fbxo5	2
Fbxo6	5
Fbxo7	5
Fbxo8	1
Fbxo9	2
Fbxw10	0
Fbxw11	8
Fbxw17	7
Fbxw2	1
Fbxw4	0
Fbxw5	3
Fbxw7	2
Fbxw8	5
Fbxw9	2
Fcer1g	7
Fcf1	7
Fcgr1	9
Fcgr2b	10
Fcgr3	3
Fcgr4	10
Fcgrt	5
Fcho2	1
Fchsd1	6
Fchsd2	4
Fcnb	1
Fcrl1	5
Fcrl5	0
Fcrls	0
Fdft1	5
Fdps	5
Fdx1	7
Fdxacb1	0
Fdxr	5
Fech	5
Fem1a	0
Fem1b	1
Fem1c	1
Fen1	5
Fer	1
Fer1l5	5
Fermt3	3
Fes	3
Fez2	3
Fgd2	2
Fgd3	4
Fgd4	4
Fgd6	0
Fgf1	1
Fgf11	2
Fgf13	0
Fgfbp3	1
Cep43	4
Fgfr1op2	0
Fgfrl1	2
Fggy	0
Fgl2	10
Fgr	10
Fh1	5
Fhad1	0
Fhit	7
Fhl4	1
Fhod1	2
Fibp	0
Ficd	8
Fig4	5
Fignl1	1
Filip1l	2
Fip1l1	0
Firre	2
Fis1	10
Fitm2	1
Fiz1	6
Fkbp14	1
Fkbp15	3
Fkbp1a	8
Fkbp1b	7
Fkbp2	5
Fkbp3	7
Fkbp4	3
Fkbp5	2
Fkbp6	1
Fkbp7	1
Fkbp8	3
Fkbp9	8
Fkbpl	0
Fkrp	3
Fktn	4
Flad1	0
Flcn	4
Fli1	1
Flii	6
Flna	8
Flnb	0
Flot1	6
Flot2	5
Flt1	5
Flt3l	3
Flywch1	3
Fmn1	4
Fmnl1	6
Fmnl2	4
Fmnl3	6
Fmo5	0
Fmr1	1
Fmr1nb	0
Fn1	5
Fn3k	0
Fnbp1	6
Fnbp1l	2
Fnbp4	2
Fndc3a	1
Fndc3b	1
Fndc4	3
Fndc7	2
Fnip1	4
Fnip2	1
Fnta	7
Fntb	5
Focad	0
Folr1	0
Folr2	7
Cep20	1
Fosl2	1
Foxj2	6
Foxj3	1
Foxk1	3
Foxk2	4
Foxm1	5
Foxn2	1
Foxn3	0
Foxo1	1
Foxp1	3
Foxp4	6
Foxred1	0
Foxred2	0
Fpgs	0
Fpgt	1
Fpr1	0
Fpr2	0
Fra10ac1	0
Frat1	9
Frat2	9
Frg1	7
Frmd4a	6
Frmd4b	0
Frmd6	0
Frmd7	1
Frmd8	6
Frrs1	0
Frs2	1
Frs3	2
Fry	4
Fryl	4
Fscn1	3
Fth1	7
Ftl1	5
Fto	8
Ftsj1	2
Mrm2	5
Ftsj3	0
Ftx	2
Fubp1	4
Fubp3	8
Fuca1	5
Fuca2	8
Fcsk	6
Fundc1	1
Fundc2	1
Fuom	7
Furin	6
Fus	2
Fut10	8
Fut11	8
Fut4	8
Fut7	0
Fut8	1
Fuz	0
Fv1	4
Fxn	9
Fxr1	4
Fxr2	3
Fxyd5	5
Fyb	2
Fyco1	2
Fyn	2
Fyttd1	1
Fzd4	1
Fzd7	6
Fzd8	8
Fzr1	6
G2e3	1
G3bp1	5
G3bp2	1
G530011O06Rik	1
G6pc3	5
G6pdx	5
Gaa	5
Gab1	8
Gab2	2
Gab3	3
Gabarap	7
Gabarapl1	3
Gabarapl2	7
Gabbr1	2
Gabpa	1
Gabpb1	1
Gabpb2	4
Gabrd	0
Gad2	1
Gadd45g	2
Gadd45gip1	9
Gadl1	0
Gak	8
Gal3st4	10
Galc	8
Gale	0
Galk1	5
Galk2	5
Galm	3
Galns	0
Galnt1	8
Galnt10	6
Galnt11	0
Galnt12	0
Galnt16	0
Galnt2	6
Galnt3	7
Galnt4	1
Galnt6	6
Galnt7	1
Galt	2
Gamt	5
Gan	2
Ganab	8
Ganc	0
Gapdh	5
Gapvd1	4
Gar1	3
Garnl3	2
Gars	5
Gart	8
Gas2	0
Gas2l1	3
Gas2l3	0
Gas5	4
Gas6	1
Gas8	3
Gatad1	1
Gatad2a	6
Gatad2b	4
Gatb	0
Gatc	2
Gatm	8
Castor2	0
Castor1	5
Gba	10
Gba2	2
Nipsnap2	5
Gbe1	8
Gbf1	4
Gbgt1	0
Gbp2	10
Gbp3	6
Gbp5	4
Gbp7	3
Gbp9	0
Gca	1
Gcat	0
Gcc1	5
Gcc2	2
Gcdh	2
Gcfc2	0
Gch1	0
Gclc	6
Gclm	0
Gcn1	0
Gcnt1	1
Gcnt2	8
Gcnt7	1
Gcsh	1
Gdap10	1
Gdap2	1
Gde1	9
Gdf9	9
Gdi1	2
Gdi2	1
Gdpd1	5
Gdpd5	0
Gdpgp1	0
Gem	0
Gemin2	0
Gemin4	6
Gemin5	6
Gemin6	1
Gemin7	7
Gemin8	3
Get4	0
Gfap	1
Gfer	0
Gfm1	0
Gfm2	4
Gfod2	5
Gfpt1	1
Gga1	6
Gga2	0
Gga3	6
Ggact	6
Ggct	0
Ggcx	8
Ggh	1
Ggnbp2	7
Ggnbp2os	4
Ggps1	1
Ggt5	6
Ggta1	1
Ghdc	3
Ghitm	1
Ghr	8
Gid4	6
Gid8	7
Gigyf1	2
Gigyf2	2
Gimap1	3
Gimap5	2
Gimap6	3
Gimap9	10
Gin1	0
Ginm1	1
Gins1	0
Gins2	1
Gins3	0
Gins4	7
Gipc1	3
Git1	6
Git2	6
Gja1	1
Gk5	1
Gkap1	2
Gla	0
Glb1	5
Glb1l	0
Glb1l2	5
Glcci1	4
Glce	0
Gle1	3
Glg1	6
Glipr1	0
Glipr2	1
Glis3	0
Glmn	1
Glmp	5
Glo1	3
Glod4	1
Glrp1	0
Glrx	10
Glrx2	1
Glrx3	7
Glrx5	7
Gls	1
Glt8d1	7
Gltp	5
Gltscr1	2
Bicral	0
Nop53	3
Glud1	8
Glul	2
Glyctk	6
Glyr1	6
Gm10033	4
Gm10069	0
Gm10336	2
Gm10509	1
Gm10548	2
Gm10790	4
Gm11423	4
Gm11545	0
Gm11696	4
Snhg15	2
Gm12185	2
Gm12250	8
Gm12338	4
Gm12522	1
Gm128	5
Tmem35b	7
Zfp984	1
Gm13710	4
Gm13889	2
Morrbid	2
Gm14023	4
Gm14325	4
Gm14403	4
Zfp970	2
Gm15708	4
Gm15760	4
Hectd4	4
Gm15880	1
Gm16023	2
Gm16062	7
Gm16386	2
Gm16523	4
Gm16576	4
Gm16617	4
Gm16702	0
Gm16712	2
Gm16845	4
Gm16897	4
Gm16907	4
Gm16973	2
Gm17066	4
Tarbp1	0
Gvin3	4
Gm20199	4
Gm20257	2
Gm20300	4
Gm20605	2
Gm20939	2
Gm29766	6
Gm2a	5
Gm3230	0
Gm3414	4
Gm3604	0
Gm3636	2
Gm3704	0
Gm3716	0
Gm4890	0
Zfp994	1
Gm4951	10
Gm4961	5
Tpbgl	5
Gm5086	7
Gm5113	2
Gm5134	0
Gm5141	4
Gm527	1
Gm5431	1
Gm5464	1
Gm5544	10
Zfp975	2
Smim26	7
Gm5617	7
Usf3	2
Gm6277	2
Gm6297	2
Gm6548	4
Gm6583	0
Tmem267	0
Gm7694	4
Gm9776	1
Gm9958	0
Ajm1	2
Gmcl1	0
Gmds	5
Gmeb1	4
Gmeb2	0
Gmfb	1
Gmfg	7
Gmip	6
Gmnn	7
Gmppa	3
Gmppb	5
Gmpr	0
Gmpr2	2
Gmps	1
Gna11	2
Gna12	6
Gna13	1
Gna14	0
Gna15	3
Gnai2	3
Gnai3	1
Gnal	0
Gnaq	4
Gnas	5
Gnaz	5
Gnb1	10
Gnb1l	0
Gnb2	3
Rack1	7
Gnb5	7
Gne	6
Gng10	1
Gng12	1
Gng2	6
Gng5	7
Gng7	6
Gngt2	7
Gnl1	3
Gnl2	3
Gnl3	1
Gnl3l	0
Gnpat	3
Gnpda1	0
Gnpda2	1
Gnpnat1	1
Gnptab	8
Gnptg	3
Gns	5
Golga1	4
Golga2	6
Golga3	2
Golga4	2
Golga5	2
Golga7	1
Golgb1	2
Golim4	0
Golm1	6
Golph3	1
Golph3l	1
Golt1b	8
Gon4l	2
Gopc	4
Gorab	9
Gorasp1	3
Gorasp2	5
Gosr1	8
Gosr2	1
Got1	5
Got2	5
Gp9	3
Gpaa1	5
Gpalpp1	1
Gpam	8
Gpank1	0
Gpatch1	3
Gpatch11	0
Gpatch2	4
Gpatch2l	0
Gpatch3	2
Gpatch4	0
Gpatch8	0
Gpbp1	1
Gpbp1l1	2
Gpc1	5
Gpc2	2
Gpcpd1	0
Gpd1	5
Gpd1l	8
Gpd2	0
Gphn	0
Gpi1	5
Gpkow	0
Gpld1	8
Gpm6a	0
Gpm6b	0
Gpn1	0
Gpn2	3
Gpn3	2
Gpnmb	0
Gpr107	5
Gpr108	5
Gpr137	2
Gpr137b	3
Gpr137b-ps	1
Gpr141	1
Gpr146	0
Gpr153	0
Gpr155	1
Gpr157	0
Gpr160	1
Gpr162	10
Gpr165	2
Gpr18	0
Gpr180	8
Gpr183	8
Gpr19	4
Gpr22	4
Gpr34	1
Gpr35	0
Gpr4	3
Gpr65	8
Gpr82	0
Gpr84	10
Gpr89	8
Gprasp1	6
Gprasp2	0
Gps1	2
Gps2	3
Gpsm1	3
Gpsm2	0
Gpsm3	3
Gpt2	0
Gpx1	7
Gpx3	6
Gpx4	5
Gpx7	5
Gramd1a	2
Gramd1b	6
Gramd3	0
Gramd4	3
Grap	3
Grb2	3
Grcc10	7
Grhpr	3
Grina	5
Gripap1	9
Grk4	2
Grk6	3
Grm3	0
Grn	5
Grpel1	7
Grpel2	0
Grsf1	1
Grwd1	3
Gsap	1
Gsdmd	3
Gse1	3
Gsg1	5
Haspin	4
Gsk3a	3
Gsk3b	4
Gskip	1
Gsn	5
Gspt1	1
Gsr	8
Gss	3
Gstcd	2
Gstk1	5
Gstm1	5
Gstm4	8
Gstm5	7
Gsto1	10
Gsto2	1
Gstp1	5
Gstt2	0
Gstt3	5
Gstz1	0
Gt(ROSA)26Sor	4
Gtdc1	1
Gtf2a1	1
Gtf2a2	4
Gtf2b	7
Gtf2e1	1
Gtf2e2	1
Gtf2f1	3
Gtf2f2	0
Gtf2h1	0
Gtf2h2	4
Gtf2h3	0
Gtf2h4	3
Gtf2h5	7
Gtf2i	6
Gtf2ird1	6
Gtf2ird2	6
Gtf3a	0
Gtf3c1	6
Gtf3c2	2
Gtf3c3	8
Gtf3c4	1
Gtf3c5	3
Gtf3c6	0
Gtpbp1	6
Gtpbp10	1
Gtpbp2	2
Gtpbp3	3
Gtpbp4	1
Gtpbp6	2
Gtpbp8	0
Gtse1	0
Guca1a	7
Gucd1	2
Guf1	1
Guk1	7
Gusb	5
Gxylt1	4
Gyg	1
Gk	1
Gys1	6
Gzf1	4
H13	5
H1f0	2
H2-Aa	8
H2-Ab1	8
H2-D1	5
H2-DMa	5
H2-DMb1	5
H2-DMb2	3
H2-Eb1	8
H2-K1	10
H2-K2	2
H2-Ke6	9
H2-M3	10
H2-Oa	3
H2-Ob	10
H2-T23	5
H2-T24	2
H2aj	9
H2az2	7
H2ax	5
Macroh2a1	3
H2az1	1
H3f3a	1
H3f3b	4
H6pd	8
Haao	10
Habp4	3
Hacd2	1
Hacd3	8
Hacd4	10
Hace1	0
Hacl1	3
Hadh	5
Hadha	5
Hadhb	1
Hagh	2
Haghl	0
Hap1	5
Harbi1	0
Hars	3
Hars2	0
Hat1	4
Haus1	1
Haus2	0
Haus3	4
Haus4	5
Haus5	3
Haus6	1
Haus7	3
Haus8	9
Havcr2	3
Hax1	3
Hbegf	2
Hbp1	7
Hbs1l	0
Hcar2	10
Hccs	1
Hcfc1	0
Hcfc1r1	9
Hcfc2	1
Hck	3
Hcls1	6
Hcn2	0
Hcst	7
Hdac1	0
Hdac10	2
Hdac11	9
Hdac2	1
Hdac3	1
Hdac4	2
Hdac5	6
Hdac6	6
Hdac8	4
Hdac9	1
Hdc	1
Hddc2	0
Hddc3	2
Hdgf	3
Hdgfl2	3
Hdgfl3	4
Hdhd2	0
Hdlbp	6
Heatr1	0
Heatr3	5
Heatr5a	1
Heatr5b	0
Heatr6	0
Hebp1	7
Heca	1
Hectd1	4
Hectd2	0
Hectd3	6
Heg1	0
Helb	6
Hells	1
Helq	4
Helz	4
Helz2	10
Hemk1	2
Herc1	4
Herc2	4
Herc3	1
Herc4	0
Herc6	1
Herpud1	10
Herpud2	8
Hes1	5
Hes6	3
Hexa	0
Hexb	8
Hexdc	2
Hexim1	9
Hexim2	5
Hfe	0
Hgf	1
Hgh1	3
Hgs	6
Hgsnat	8
Hhat	5
Hhex	1
Mfsd14a	1
Mfsd14b	1
Hibadh	8
Hibch	7
Hic2	4
Hif1a	1
Hif1an	4
Hif3a	0
Higd1a	7
Higd2a	7
Hilpda	7
Hinfp	0
Hint1	7
Hint2	7
Hint3	1
Hip1	0
Hip1r	0
Hipk1	4
Hipk2	2
Hipk3	1
Hira	2
Hirip3	2
H1f2	2
H1f3	2
H1f4	2
H2ac6	2
H2ac8	2
H2bc4	2
H2bc6	2
H2bc8	2
H4c3	2
H4c4	2
H4c9	2
H2bc18	2
H2bc21	2
H2aw	9
H4f16	2
Hivep1	2
Hivep2	4
Hivep3	2
Hjurp	2
Hk1	6
Hk2	5
Hk3	6
Hlcs	8
Hlf	10
Hltf	1
Hlx	3
Hmbox1	4
Hmbs	2
Hmces	3
Hmg20a	2
Hmg20b	3
Hmga2-ps1	2
Hmgb1	7
Hmgb2	1
Hmgcl	5
Hmgcr	0
Hmgcs1	1
Hmgn1	7
Hmgn2	1
Hmgn3	10
Hmgn5	0
Hmgxb3	0
Hmgxb4	4
Arhgap45	6
Hmmr	0
Hmox1	2
Hmox2	3
Hn1	5
Jpt2	8
Hnmt	1
Hnrnpa0	2
Hnrnpa2b1	2
Hnrnpa3	4
Hnrnpab	0
Hnrnpc	0
Hnrnpd	0
Hnrnpdl	2
Hnrnpf	5
Hnrnph1	2
Hnrnph2	1
Hnrnph3	2
Hnrnpk	1
Hnrnpl	0
Hnrnpll	1
Hnrnpm	3
Hnrnpr	0
Hnrnpu	6
Hnrnpul1	6
Hnrnpul2	2
Homer1	0
Homer3	3
Homez	8
Hook2	3
Hook3	4
Hp	1
Hp1bp3	3
Hpcal1	3
Hpcal4	0
Hpgd	0
Hpgds	2
Hpn	0
Hprt	1
Hps1	6
Hps3	1
Hps4	3
Hps5	0
Hps6	5
Hpse	0
Hras	2
Hrh2	6
Rida	7
Hs1bp3	0
Hs2st1	1
Hs3st3b1	8
Hs6st1	3
Hsbp1	7
Hscb	1
Hsd11b1	0
Hsd17b10	5
Hsd17b11	7
Hsd17b12	8
Hsd17b4	5
Hsd17b7	1
Hsd3b7	2
Hsdl1	8
Hsdl2	8
Hsf1	2
Hsf2	4
Hsf2bp	0
Hsp90aa1	2
Hsp90ab1	2
Hsp90b1	2
Hspa12a	8
Hspa13	1
Hspa14	1
Hspa1a	2
Hspa1b	2
Hspa2	5
Hspa4	5
Hspa4l	2
Hspa5	0
Hspa8	3
Hspa9	5
Hspb11	7
Hspb3	7
Hspb6	2
Hspbap1	10
Hspbp1	3
Hspd1	0
Hspe1	7
Hsph1	0
Htatip2	0
Htatsf1	2
Htra2	2
Htra3	5
Htt	4
Hus1	1
Huwe1	2
Hvcn1	5
Hyal2	5
Hyal3	7
Hyi	0
Hykk	1
Hyls1	0
Hyou1	0
Hypk	7
I830077J02Rik	0
Iah1	0
Iars	1
Iars2	5
Iba57	3
Ibtk	0
Ica1	2
Icam1	5
Icam2	3
Ice1	2
Ice2	2
Cilk1	3
Icmt	0
Icos	2
Icosl	3
Ict1	9
Id2	1
Ide	4
Idh1	5
Idh2	3
Idh3a	8
Idh3b	9
Idh3g	9
Idnk	7
Ids	1
Idua	5
Ier2	2
Ier3	3
Ier3ip1	7
Ier5	2
Iffo1	2
Iffo2	2
Ifi204	10
Ifi27	5
Ifi27l2a	7
Ifi30	3
Ifi35	0
Ifi44	1
Ifi47	1
Ifih1	8
Ifit1	1
Ifit1bl1	1
Ifit2	10
Ifit3	10
Ifit3b	10
Ifitm10	2
Ifitm2	10
Ifitm3	10
Ifitm6	1
Ifnar1	1
Ifnar2	5
Ifngr1	5
Ifngr2	0
Ifrd1	2
Ifrd2	0
Ift122	0
Ift140	6
Ift172	6
Ift20	2
Ift22	0
Ift27	7
Ift43	0
Ift46	5
Ift52	1
Ift57	0
Ift74	2
Ift80	4
Ift81	2
Ift88	0
Igbp1	7
Igdcc4	0
Igf1	2
Igf1r	4
Igf2bp2	5
Igf2bp3	2
Igf2r	0
Igfbp2	0
Igfbp4	10
Igflr1	2
Ighmbp2	6
Igip	4
Igsf10	2
Igsf6	2
Igsf8	5
Igtp	10
Iigp1	0
Ik	3
Ikbip	1
Elp1	0
Ikbkb	3
Ikbkg	1
Ikzf1	1
Ikzf2	0
Ikzf5	1
Il10	0
Il10ra	6
Il10rb	1
Il11ra1	5
Il12b	0
Il12rb2	1
Il13ra1	1
Il15	4
Il15ra	4
Il16	5
Il17ra	5
Il18	4
Il18bp	10
Il18rap	1
Il1a	4
Il1b	0
Il1r1	1
Il1r2	1
Il1rap	1
Il1rl1	1
Il1rl2	4
Il1rn	0
Il21r	3
Il2rg	10
Il3ra	5
Il4ra	6
Il6	1
Il6ra	3
Il6st	1
Il7r	2
Ildr1	0
Ildr2	5
Ilf2	0
Ilf3	0
Ilk	3
Ilkap	9
Ilvbl	5
Immp1l	1
Immp2l	1
Immt	6
Imp3	7
Imp4	3
Impa1	1
Impa2	0
Impact	4
Bpnt2	1
Impdh1	3
Patj	0
Inafm1	9
Inafm2	0
Inca1	0
Incenp	3
Ing1	3
Ing2	7
Ing3	0
Ing4	2
Ing5	0
Inip	1
Ino80	2
Ino80b	3
Ino80c	8
Ino80d	4
Ino80dos	1
Ino80e	3
Inpp1	0
Inpp4a	2
Inpp4b	4
Inpp5a	6
Inpp5b	6
Inpp5d	6
Inpp5e	2
Inpp5f	1
Inpp5k	5
Inppl1	3
Insig1	0
Insig2	1
Insr	4
Ints1	6
Ints10	0
Ints12	1
Ints2	1
Ints3	6
Ints4	0
Ints5	8
Ints6	1
Ints7	0
Ints8	4
Ints9	5
Intu	0
Invs	0
Ip6k1	2
Ipcef1	1
Ipmk	1
Ipo11	1
Ipo13	6
Ipo4	6
Ipo5	8
Ipo7	1
Ipo8	1
Ipo9	6
Ipp	1
Ippk	1
Iqcb1	0
Iqcc	2
Iqce	3
Iqgap1	3
Iqgap2	0
Iqgap3	6
Iqsec1	6
Iqsec2	2
Irak1	2
Irak1bp1	7
Irak2	6
Irak3	8
Irak4	3
Ireb2	4
Irf1	0
Irf2	5
Irf2bp1	3
Irf2bp2	0
Irf2bpl	6
Irf3	3
Irf4	1
Irf5	3
Irf6	0
Irf7	10
Irf8	3
Irf9	10
Acod1	7
Irgm1	10
Irgm2	1
Irgq	4
Irs2	0
Irs3	5
Isca1	8
Isca2	7
Iscu	9
Isg15	10
Isg20	0
Isg20l2	0
Isoc1	1
Isoc2b	7
Crppa	0
Ist1	1
Isy1	3
Isyna1	3
Itch	1
Itfg1	8
Itfg2	2
Fam234a	3
Itga4	2
Itga5	6
Itga6	0
Itga8	0
Itga9	0
Itgal	1
Itgam	0
Itgav	1
Itgax	5
Itgb1	1
Itgb1bp1	7
Itgb2	5
Itgb2l	1
Itgb3	1
Itgb3bp	1
Itgb5	3
Itgb7	3
Itk	0
Itm2b	10
Itm2c	5
Itpa	2
Itpk1	6
Itpkb	0
Itpkc	3
Itpr1	2
Itpr2	6
Itpr3	6
Itprip	5
Itpripl1	1
Itpripl2	4
Itsn1	9
Itsn2	4
Ivd	3
Ivns1abp	2
Iws1	4
Izumo4	0
Jade1	4
Jade2	2
Jade3	8
Jag1	8
Jag2	0
Jagn1	0
Jak1	6
Jak2	4
Jak3	6
Jam2	1
Jam3	10
Jarid2	0
Jazf1	1
Jdp2	2
Jkamp	1
Jmjd1c	4
Jmjd4	0
Jmjd6	2
Jmjd8	3
Jmy	4
Josd1	0
Josd2	9
Jph3	0
Jpx	4
Jrk	0
Jrkl	4
Jtb	9
Junb	2
Jund	3
Jup	6
Kalrn	0
Kank2	0
Kank3	6
Kansl1	8
Kansl1l	4
Kansl2	2
Kansl3	2
Kantr	1
Kars	3
Kat2a	3
Kat2b	4
Kat5	3
Kat6a	2
Kat6b	4
Kat7	8
Kat8	3
Katna1	0
Katnal1	4
Katnb1	2
Katnbl1	1
Kbtbd11	8
Kbtbd12	1
Kbtbd2	1
Kbtbd3	2
Kbtbd4	8
Kbtbd6	1
Kbtbd7	1
Kbtbd8	1
Kcmf1	1
Kcna2	0
Kcna3	8
Kcnab2	6
Kcnc2	2
Kcnd1	0
Kcnd3	0
Kcng2	6
Kcnip3	6
Kcnj10	10
Kcnj12	5
Kcnj13	0
Kcnj16	3
Kcnj2	1
Kcnj9	0
Kcnk12	3
Kcnk13	8
Kcnk6	6
Kcnma1	0
Kcnn4	3
Kcnq1ot1	4
Kcp	3
Kctd10	3
Kctd11	0
Kctd12	4
Kctd12b	0
Kctd13	0
Kctd18	2
Kctd2	9
Kctd20	1
Kctd21	0
Kctd3	2
Kctd5	8
Kctd6	0
Kctd7	1
Kctd9	4
Poglut2	4
Poglut3	1
Kdelr1	3
Kdelr2	1
Kdm1a	3
Kdm1b	8
Kdm2a	4
Kdm2b	6
Kdm3a	1
Kdm3b	2
Kdm4a	2
Kdm4b	6
Kdm4c	1
Kdm5a	4
Kdm5b	6
Kdm5c	0
Kdm5d	4
Kdm6a	1
Kdm6b	2
Kdm7a	1
Kdm8	3
Kdr	0
Kdsr	1
Keap1	3
Khdrbs1	1
Khdrbs3	5
Khk	3
Khnyn	6
Khsrp	6
Kidins220	2
Kif11	0
Kif13a	2
Kif13b	0
Kif15	0
Kif16b	0
Kif18a	6
Kif18b	0
Kif19a	0
Kif1a	0
Kif1b	1
Kifbp	5
Kif1c	2
Kif20a	0
Kif20b	4
Kif21b	2
Kif22	0
Kif23	0
Kif24	4
Kif2a	1
Kif2c	1
Kif3a	3
Kif3b	2
Kif3c	5
Kif5a	0
Kif5b	4
Kif9	4
Kifap3	8
Kifc2	2
Kifc3	2
Kin	0
Kitl	4
Kiz	2
Kl	0
Klc1	2
Klc2	2
Klc4	2
Klf10	8
Klf11	3
Klf12	4
Klf13	3
Klf15	0
Klf16	3
Klf2	5
Klf3	1
Klf6	1
Klf7	2
Klf9	5
Klhdc1	1
Klhdc10	1
Klhdc2	0
Klhdc3	3
Klhdc4	2
Klhdc8b	2
Klhdc9	0
Klhl11	1
Klhl12	0
Klhl13	1
Klhl15	1
Klhl17	2
Klhl18	6
Klhl2	0
Klhl20	1
Klhl21	5
Klhl22	6
Klhl23	1
Klhl24	1
Klhl25	8
Klhl26	6
Klhl28	1
Klhl35	6
Klhl36	6
Klhl38	8
Klhl42	1
Klhl5	8
Klhl6	0
Klhl7	1
Klhl8	1
Klhl9	1
Klk8	5
Klra2	8
Klrd1	0
Klrg2	8
Kmt2a	2
Kmt2b	2
Kmt2c	2
Kmt2d	2
Kmt2e	4
Knop1	7
Knstrn	5
Kntc1	0
Kpna1	1
Kpna2	5
Kpna3	1
Kpna4	1
Kpna6	8
Kpnb1	0
Kptn	0
Kras	1
Krba1	3
Krcc1	7
Kremen1	6
Kri1	2
Krit1	1
Krr1	2
Krt10	1
Krtcap2	7
Ksr1	2
Kti12	0
Ktn1	2
Kxd1	7
Kynu	0
L2hgdh	1
L3hypdh	0
L3mbtl2	6
L3mbtl3	0
Lacc1	1
Afg1l	0
Lactb	9
Lactb2	1
Lag3	3
Lage3	7
Lair1	1
Lamb2	5
Lamc1	0
Lamp1	5
Lamp2	1
Lamtor1	5
Lamtor2	7
Lamtor3	1
Lamtor4	7
Lamtor5	7
Lancl1	0
Lancl2	0
Lap3	10
Laptm4a	7
Laptm4b	8
Laptm5	5
Large	0
Larp1	3
Larp4	1
Larp4b	1
Larp7	9
Lars	0
Lars2	7
Las1l	3
Lasp1	6
Lat2	10
Lats1	1
Lats2	6
Layn	2
Lbh	1
Lbp	0
Lbr	1
Lbx2	0
Lca5	0
Lca5l	9
Lclat1	8
Lcmt1	0
Lcmt2	8
Lcn2	1
Lcor	4
Lcorl	1
Lcp1	5
Lcp2	6
Ldah	0
Ldb1	3
Ldha	0
Ldhb	5
Ldlr	8
Ldlrad3	4
Ldlrad4	0
Ldlrap1	5
Rtl6	0
Lefty1	10
Lekr1	0
Lemd2	3
Lemd3	0
Lenep	2
Leng1	3
Leng8	2
Leng9	0
Leo1	3
Leprot	8
Leprotl1	8
Letm1	3
Letm2	2
Letmd1	8
Lfng	0
Lgals1	5
Lgals3	5
Lgals3bp	5
Lgals8	0
Lgals9	5
Lgalsl	1
Lgi4	2
Lgmn	5
Lgr4	4
Lhfpl2	8
Lhfpl4	0
Lhpp	0
Lias	0
Lifr	4
Lig1	1
Lig3	0
Lig4	1
Lilrb4b	1
Lilra5	1
Lilrb4a	7
Lima1	6
Limd1	0
Limd2	3
Lime1	2
Limk1	6
Limk2	3
Lims1	1
Lin37	9
Lin52	1
Lin54	1
Lin7c	1
Lin9	0
Lncpint	1
Lins1	0
Lipa	8
Lipe	3
Liph	8
Lipo1	1
Lipt1	1
Lipt2	0
Litaf	8
Lix1	1
Llgl1	6
Llgl2	3
Llph	7
Lman1	1
Lman2	8
Lman2l	0
Lmbr1	0
Lmbr1l	2
Lmbrd1	8
Lmbrd2	4
Lmf1	0
Lmf2	6
Lmln	4
Lmna	5
Lmnb1	0
Lmnb2	3
Lmo2	7
Lmo4	2
Lmtk2	0
Lnpk	1
Lnpep	1
Lnx1	0
Lnx2	8
Borcs5	0
Lonp1	2
Lonp2	6
Lonrf1	4
Lonrf3	1
Lox	0
Loxl3	2
Loxl4	1
Lpar5	8
Lpar6	4
Lpcat1	6
Lpcat2	8
Lpcat3	8
Lpcat4	5
Lpgat1	4
Lpin1	6
Lpin2	2
Lpl	7
Lpp	4
Plppr4	3
Lpxn	8
Lrba	4
Lrch1	0
Lrch3	8
Lrfn1	6
Lrfn3	5
Lrg1	1
Lrguk	8
Lrif1	1
Lrig2	1
Lrig3	0
Irag2	3
Lrp1	6
Lrp10	5
Lrp11	0
Lrp12	1
Lrp4	0
Lrp5	2
Lrp6	4
Lrpap1	3
Lrpprc	8
Lrrc1	8
Lrrc14	6
Carmil1	0
Lrrc18	4
Lrrc20	6
Lrrc25	6
Lrrc27	5
Lrrc28	0
Lrrc29	0
Lrrc3	5
Lrrc39	0
Lrrc4	0
Lrrc40	0
Lrrc41	8
Lrrc42	3
Lrrc45	2
Lrrc47	5
Lrrc49	0
Lrrc51	4
Lrrc56	3
Lrrc57	1
Lrrc58	1
Lrrc59	3
Lrrc61	5
Lrrc75a	2
Lrrc8a	2
Lrrc8b	0
Lrrc8c	0
Lrrc8d	6
Lrrcc1	4
Lrrfip1	6
Lrrfip2	0
Lrriq3	7
Lrrk1	6
Lrrn4	2
Lrrtm2	1
Lrsam1	3
Lrwd1	6
Lsg1	3
Lsm1	1
Lsm10	9
Lsm11	0
Lsm12	4
Lsm14a	7
Lsm14b	2
Lsm2	9
Lsm3	7
Lsm4	5
Lsm6	1
Lsm8	7
Lsp1	5
Lsr	1
Lss	0
Lst1	7
Lta4h	0
Ltb	0
Ltb4r1	1
Ltbp3	3
Ltbr	3
Ltc4s	9
Ltf	1
Ltn1	1
Ltv1	2
Luc7l	4
Luc7l2	2
Luc7l3	4
Luzp1	2
Lxn	9
Ly6a	10
Ly6e	5
Ly6g6e	2
Ly6k	10
Ly86	1
Ly9	5
Ly96	7
Lyar	9
Lyl1	2
Lyn	6
Lypd6	1
Lypla1	1
Lypla2	5
Lyplal1	0
Lyrm1	2
Lyrm2	2
Lyrm4	7
Etfrf1	1
Lyrm7	0
Lyrm9	0
Lysmd3	1
Lysmd4	0
Lyst	4
Lyz2	3
Lyzl4	2
Lzic	4
Lztfl1	0
Lztr1	3
Lzts2	3
Lzts3	0
M1ap	2
M6pr	8
Macf1	2
Macrod1	3
Macrod2	1
Mad1l1	6
Mad2l1	0
Mad2l1bp	7
Mad2l2	9
Madd	0
Maea	3
Maf	4
Maf1	3
Mafb	3
Mafg	2
Mafk	2
Mag	3
Maged1	6
Maged2	6
Magee1	0
Magef1	4
Mageh1	10
Magi1	3
Magi3	2
Magoh	7
Magohb	1
Magt1	1
Mak16	2
Malsu1	0
Malt1	0
Maml1	2
Maml2	1
Maml3	6
Mamld1	6
Man1a	1
Man1a2	1
Man1b1	5
Man1c1	6
Man2a1	4
Man2a2	6
Man2b1	5
Man2b2	6
Man2c1	6
Man2c1os	1
Manba	5
Manbal	9
Manea	1
Maneal	0
Manf	7
Mansc1	5
Maoa	1
Map10	1
Map1b	0
Map1lc3a	3
Map1lc3b	9
Map1s	6
Map2k1	8
Map2k2	3
Map2k3	3
Map2k4	0
Map2k5	2
Map2k6	0
Map2k7	2
Map3k1	1
Map3k10	2
Map3k11	6
Map3k12	2
Map3k14	2
Map3k15	0
Map3k19	1
Map3k2	1
Map3k3	3
Map3k4	0
Map3k5	0
Map3k7	4
Map3k8	4
Map3k9	0
Map4	2
Map4k1	3
Map4k2	6
Map4k3	1
Map4k4	2
Map4k5	1
Map7	2
Map7d1	3
Map9	5
Mapk1	1
Mapk14	2
Mapk1ip1	3
Mapk1ip1l	8
Mapk3	5
Mapk6	4
Mapk7	3
Mapk8	4
Mapk8ip3	6
Mapk9	0
Mapkap1	0
Mapkapk2	5
Mapkapk3	5
Mapkapk5	2
Mapkbp1	2
Mapre1	1
Mapre2	5
Mapre3	3
Marc2	10
Marchf1	1
Marchf2	5
Marchf3	2
Marchf5	4
Marchf6	1
Marchf7	0
Marchf8	1
Marcks	8
Marcksl1	5
Marco	0
Marf1	4
Mark2	3
Mark3	4
Mark4	3
Mars	6
Mars2	1
Marveld1	0
Marveld2	2
Masp1	8
Mast1	2
Mast2	2
Mast3	6
Mast4	2
Mastl	0
Mat2a	5
Mat2b	1
Matk	2
Matn2	1
Matr3	1
Mau2	2
Mavs	0
Max	2
Maz	2
Cgas	2
Mb21d2	10
Mbd1	6
Mbd2	9
Mbd3	3
Mbd4	0
Mbd5	4
Mbd6	2
Mbip	0
Mblac1	0
Mblac2	5
Mbnl1	1
Mbnl2	1
Mbnl3	1
Mboat1	4
Mboat7	5
Mbp	1
Mbtd1	4
Mbtps1	6
Mbtps2	1
Mcat	0
Mcc	1
Mccc1	0
Mccc2	6
Mcee	7
Mcemp1	1
Mcfd2	1
Mcl1	1
Mcm2	1
Mcm3	8
Mcm3ap	2
Mcm4	1
Mcm5	1
Mcm6	1
Mcm7	0
Mcm8	7
Mcm9	4
Mcmbp	0
Mcoln1	3
Mcph1	4
Mcrs1	3
Mctp1	1
Mcts1	7
Mcts2	2
Mcu	0
Mcur1	1
Mdc1	2
Mdfic	1
Mdga1	3
Mdh1	5
Mdh2	5
Mdm1	3
Mdm2	0
Mdm4	2
Mdn1	4
Mdp1	2
Me2	1
Mea1	9
Meaf6	3
Mecp2	2
Mecr	3
Med1	4
Med10	0
Med11	9
Med12	2
Med12l	4
Med13	4
Med13l	4
Med14	1
Med15	6
Med16	6
Med17	8
Med18	1
Med19	1
Med20	0
Med21	4
Med22	8
Med23	0
Med24	6
Med25	3
Med26	3
Med27	2
Med28	10
Med29	3
Med30	7
Med31	7
Med4	2
Med6	7
Med7	1
Med8	2
Med9	3
Mef2a	1
Mef2c	1
Mef2d	6
Megf11	0
Megf8	2
Megf9	1
Meis1	0
Meis3	0
Melk	0
Memo1	1
Men1	3
Mepce	2
Mertk	6
Tlnrd1	6
Mesd	3
Met	0
Metap1	1
Metap1d	2
Metap2	5
Metrn	0
Metrnl	0
Mettl1	0
Eef1akmt2	1
Mettl13	0
Mettl14	0
Mettl15	1
Mettl16	0
Mettl17	2
Mettl18	8
Mettl2	2
Etfbkmt	0
Mettl21a	8
Mettl22	3
Mettl23	1
Mettl25	2
Mettl3	3
Mettl4	1
Mettl5	4
Mettl6	4
Mettl7a1	3
Mettl8	0
Mettl9	1
Mex3b	2
Mex3c	1
Mex3d	6
Mfap1a	2
Mfap1b	0
Mfap3	1
Mfap3l	1
Mff	7
Mfge8	5
Mfhas1	6
Mfn1	0
Mfn2	5
Mfng	5
Mfsd1	8
Mfsd10	5
Mfsd11	0
Mfsd12	6
Mfsd3	5
Mfsd4a	10
Mfsd5	5
Mfsd6	3
Mfsd7a	1
Flvcr1	1
Mfsd8	1
Mfsd9	0
Mga	4
Mgat1	5
Mgat2	1
Mgat4a	1
Mgat4b	6
Mgat5	4
Oga	4
Mgl2	8
Mgll	3
Mgme1	2
Mgmt	0
Mgrn1	6
Mgst1	1
Mgst3	9
Mia3	6
Mib1	1
Mib2	2
Mical1	5
Mical2	0
Mical3	2
Micall1	2
Micu1	5
Micu2	5
Micu3	2
Mid1	0
Mid1ip1	6
Midn	2
Mief1	1
Mief2	0
Mien1	7
Mier1	4
Mier2	2
Mier3	1
Mif	5
Mif4gd	0
Miip	2
Milr1	10
Riox2	0
Mink1	6
Micos10	7
Minpp1	8
Mios	0
Mipep	0
Mipol1	4
Mir22hg	3
Mir6236	1
Mir703	7
Mir99ahg	4
Mis12	4
Mis18a	0
Mis18bp1	0
Mitd1	1
Mitf	4
Mki67	0
Mkks	7
Mkl1	6
Mrtfb	0
Mkln1	1
Mknk1	3
Mknk2	3
Mkrn1	0
Mkrn2	8
Mkrn3	1
Mks1	2
Mlc1	0
Mlec	1
Mlf2	3
Mlh1	2
Mlh3	0
Mllt1	3
Mllt10	4
Mllt11	4
Mllt3	0
Afdn	10
Mllt6	2
Mlph	5
Mlst8	0
Mlx	1
Mlxip	4
Mlxipl	2
Mlycd	3
Mmaa	2
Mmab	2
Mmachc	5
Mmadhc	1
Mmd	1
Mmgt1	1
Mmgt2	7
Mmp11	3
Mmp12	1
Mmp14	5
Mmp15	0
Mmp2	5
Mmp23	0
Mmp28	2
Mmp9	1
Mms19	6
Mms22l	1
Mnat1	1
Mnda	0
Mnt	3
Mob1a	1
Mob1b	1
Mob2	9
Mob3a	5
Mob3b	1
Mob3c	2
Mob4	1
Mocos	5
Mocs1	6
Mocs2	2
Mocs3	3
Mogs	6
Mon1a	3
Mon1b	6
Mon2	4
Morc2a	0
Morc3	1
Morf4l1	8
Morf4l2	0
Morn2	2
Mospd1	1
Mospd2	1
Mospd3	3
Mov10	6
Mpc1	1
Mpc2	7
Mpdu1	0
Mpeg1	0
Mpg	0
Mphosph10	0
Mphosph6	1
Mphosph8	7
Mphosph9	2
Mpi	3
Mplkip	1
Mpnd	3
Mpo	1
Mpp1	3
Pals1	1
Mpp6	1
Mpp7	2
Mppe1	0
Mprip	2
Mpv17	7
Mpv17l	1
Mpv17l2	7
Mr1	5
Mras	3
Mrc2	5
Mre11a	0
Mrfap1	1
Mrgbp	2
Mrgpre	0
Mri1	3
Mrm1	3
Mroh1	6
Mrpl1	1
Mrpl10	5
Mrpl11	0
Mrpl12	9
Mrpl13	7
Mrpl14	7
Mrpl15	7
Mrpl16	7
Mrpl17	7
Mrpl18	7
Mrpl19	1
Mrpl2	9
Mrpl20	7
Mrpl21	7
Mrpl22	7
Mrpl24	7
Mrpl27	9
Mrpl28	3
Mrpl3	1
Mrpl30	1
Mrpl32	7
Mrpl33	7
Mrpl34	9
Mrpl35	1
Mrpl36	7
Mrpl37	0
Mrpl38	3
Mrpl39	0
Mrpl4	3
Mrpl40	9
Mrpl41	7
Mrpl42	7
Mrpl43	2
Mrpl44	0
Mrpl45	3
Mrpl46	0
Mrpl47	7
Mrpl48	5
Mrpl49	2
Mrpl50	1
Mrpl51	7
Mrpl52	7
Mrpl53	9
Mrpl54	7
Mrpl55	9
Mrpl57	7
Mrpl9	0
Mrps10	0
Mrps11	5
Mrps12	9
Mrps14	1
Mrps15	9
Mrps16	7
Mrps17	7
Mrps18a	9
Mrps18b	5
Mrps18c	7
Mrps2	0
Mrps21	7
Mrps22	1
Mrps23	0
Mrps24	9
Mrps25	7
Mrps26	3
Mrps27	3
Mrps28	7
Mrps30	5
Mrps31	0
Mrps33	7
Mrps34	3
Mrps35	9
Mrps5	0
Mrps6	7
Mrps7	3
Mrps9	0
Mrrf	0
Mrs2	8
Mrto4	0
Ms4a3	0
Ms4a4c	1
Ms4a6b	1
Ms4a6c	0
Ms4a6d	1
Ms4a7	1
Msantd2	4
Msantd4	1
Msh2	5
Msh3	0
Msh5	1
Msh6	0
Msi2	2
Msl1	2
Msl2	1
Msl3	0
Msl3l2	2
Msmo1	1
Msn	8
Msr1	5
Msra	5
Msrb1	7
Msrb2	9
Msto1	3
Mt1	7
Mta1	6
Mta2	0
Mta3	3
Mtap	10
Map7d3	6
Mtbp	0
Mtch1	3
Mtch2	1
Mtcp1	0
Mtdh	0
Mterf3	4
Mterf4	4
Mtf1	0
Mtf2	1
Mtfmt	2
Mtfp1	3
Mtfr1	1
Mtfr1l	5
Mtg1	0
Mtg2	9
Mthfd1	6
Mthfd1l	0
Mthfd2	10
Mthfd2l	0
Mthfr	2
Mthfs	7
Mthfsd	2
Mthfsl	7
Mtif2	4
Mtif3	9
Mtm1	1
Mtmr1	1
Mtmr10	1
Mtmr11	0
Mtmr12	1
Mtmr14	2
Mtmr2	0
Mtmr3	0
Mtmr4	0
Mtmr6	1
Mtmr9	1
Mto1	0
Mtor	4
Mtpap	0
Mtpn	1
Mtr	0
Mtrf1	0
Mtrf1l	4
Mtrr	1
Mtss1	4
Mttp	1
Mturn	0
Mtus1	6
Mtus2	9
Mtx1	3
Mtx2	1
Mtx3	2
Mul1	5
Mum1	5
Mus81	2
Mut	1
Mutyh	3
Mvb12a	5
Mvb12b	2
Mvd	3
Mvk	0
Mvp	6
Mx1	2
Mx2	2
Mxd1	8
Mxd4	3
Mxi1	0
Mxra7	3
Mxra8	6
Myadm	8
Myadml2	0
Myb	1
Mybbp1a	6
Myc	6
Mycbp	1
Mycbp2	4
Mycl	2
Myd88	3
Mydgf	9
Myef2	4
Cops9	7
Myg1	3
Myh10	6
Myh9	6
Myl12a	7
Myl12b	3
Myl2	7
Myl6	7
Mylip	4
Mynn	1
Myo10	5
Myo18a	6
Myo18b	2
Myo1b	8
Myo1c	6
Myo1d	2
Myo1e	0
Myo1f	6
Myo1g	3
Myo5a	4
Myo6	0
Myo7a	6
Myo9a	4
Myo9b	6
Myof	0
Myom1	4
Mysm1	4
Mzf1	1
Mzt1	1
Mzt2	9
N4bp1	4
N4bp2	4
N4bp2l1	0
N4bp2l2	4
N4bp3	5
N6amt1	2
Eef1akmt1	7
Naa10	3
Naa15	4
Naa16	4
Naa20	1
Naa25	0
Naa30	1
Naa35	8
Naa38	7
Naa40	8
Naa50	1
Naa60	3
Naaa	8
Naalad2	10
Nab1	1
Nab2	3
Nabp1	1
Nabp2	3
Naca	7
Nacc1	6
Nacc2	3
Nadk	8
Nadk2	1
Nadsyn1	2
Nae1	0
Naf1	4
Naga	5
Nagk	5
Naglu	5
Nagpa	3
Naif1	9
Naip2	0
Naip5	4
Naip6	4
Nampt	1
Nanos1	1
Nans	5
Nap1l1	1
Nap1l4	3
Napa	3
Napb	4
Napepld	0
Napg	0
Naprt	0
Napsa	1
Narf	4
Ciao3	3
Nars	3
Nars2	1
Nasp	3
Nat1	1
Nat10	3
Nat2	4
Nat6	3
Nat8l	2
Nat9	9
Natd1	0
Nav1	2
Nav2	4
Nav3	4
Nbas	1
Nbea	4
Nbeal1	4
Nbeal2	6
Nbl1	5
Nbn	2
Nbr1	6
Ncam1	1
Ncapd2	3
Ncapd3	0
Ncapg	0
Ncapg2	0
Ncaph	2
Ncaph2	3
Ncbp1	0
Ncbp2	2
Ncdn	5
Nceh1	8
Ncf1	3
Ncf2	3
Ncf4	5
Nck1	1
Nckap1	0
Nckap1l	6
Nckap5l	6
Nckipsd	3
Ncl	6
Ncln	5
Ncoa1	0
Ncoa2	2
Ncoa3	4
Ncoa4	0
Ncoa5	2
Ncoa6	3
Ncoa7	0
Ncor1	4
Ncor2	6
Ncs1	0
Ncstn	8
Ndc1	8
Ndc80	0
Nde1	3
Ndel1	4
Ndfip1	8
Ndfip2	1
Nsmce3	7
Ndor1	0
Ndrg2	5
Ndrg3	5
Ndst1	6
Ndst2	0
Ndufa1	7
Ndufa10	3
Ndufa11	7
Ndufa12	7
Ndufa13	7
Ndufa2	7
Ndufa3	7
Ndufa4	7
Ndufa5	7
Ndufa6	7
Ndufa7	7
Ndufa8	7
Ndufa9	10
Ndufaf1	5
Ndufaf2	9
Ndufaf3	3
Ndufaf4	4
Ndufaf5	0
Ndufaf6	4
Ndufaf7	0
Ndufb10	7
Ndufb11	7
Ndufb2	7
Ndufb3	7
Ndufb4	7
Ndufb5	7
Ndufb6	7
Ndufb7	7
Ndufb8	7
Ndufb9	7
Ndufc1	7
Ndufc2	7
Ndufs1	0
Ndufs2	5
Ndufs3	5
Ndufs4	7
Ndufs6	7
Ndufs7	9
Ndufs8	9
Ndufv1	5
Ndufv2	1
Ndufv3	7
Neat1	2
Necap1	1
Necap2	5
Nedd1	1
Nedd4	0
Nedd4l	3
Nedd8	7
Nedd9	6
Neil1	3
Nek1	0
Nek2	5
Nek3	0
Nek4	2
Nek5	0
Nek6	6
Nek7	1
Nek9	1
Nelfa	0
Nelfb	2
Nelfcd	3
Nelfe	3
Nemf	4
Nenf	10
Neo1	6
Nes	0
Neu1	5
Neu3	10
Neurl1a	6
Neurl1b	0
Neurl2	0
Neurl3	10
Neurl4	2
Nf1	4
Nf2	2
Nfam1	6
Nfat5	2
Nfatc1	6
Nfatc2	0
Nfatc2ip	2
Nfatc3	1
Nfe2	1
Nfe2l1	6
Nfe2l2	5
Nfia	7
Nfic	3
Nfil3	0
Nfix	3
Nfkb1	0
Nfkb2	0
Nfkbia	5
Nfkbib	3
Nfkbid	2
Nfkbie	8
Nfkbil1	3
Nfkbiz	0
Nfrkb	2
Nfs1	5
Nfu1	7
Nfx1	4
Nfxl1	4
Nfya	2
Nfyb	4
Nfyc	3
Ngdn	3
Bex3	5
Ngly1	1
Ngp	1
Ngrn	9
Nhej1	2
Nhlrc1	0
Nhlrc2	1
Nhlrc3	8
Nhp2	7
Snu13	7
Nhsl2	2
Nicn1	3
Nid2	0
Nif3l1	5
Nifk	1
Nin	2
Ninj1	3
Ninl	2
Nip7	1
Nipa1	1
Nipa2	8
Nipal3	3
Nipbl	2
Nipsnap1	3
Nipsnap3b	1
Nisch	6
Nit1	2
Nit2	7
Nkap	8
Nkapl	1
Nkiras1	4
Nkiras2	0
Nkrf	0
Nktr	2
Nle1	2
Nlk	0
Nln	0
Nlrc5	1
Nlrp1a	0
Nlrp1b	4
Nlrp1c-ps	4
Nlrp3	2
Nlrx1	5
Nmb	0
Nmd3	1
Nme1	10
Nme2	7
Nme3	2
Nme4	3
Nme6	0
Nme7	0
Nmi	7
Nmnat1	2
Nmnat3	0
Nmral1	0
Nmrk1	4
Nmt1	5
Nmt2	2
Nnt	3
Noa1	0
Nob1	3
Noc2l	3
Noc3l	0
Noc4l	3
Nod1	6
Nod2	0
Nol10	0
Nol11	1
Nol12	2
Nol4l	6
Nol6	6
Nol7	7
Nol8	4
Nol9	0
Nolc1	3
Nom1	0
Nomo1	6
Nono	6
Nop10	7
Nop14	4
Nop16	0
Nop2	6
Nop56	3
Nop58	4
Nop9	5
Nos1ap	4
Nosip	3
Notch1	2
Notch2	1
Notch4	3
Nova1	4
Nox1	0
Noxo1	2
Noxred1	0
Npat	1
Npc1	1
Npc2	5
Npepl1	2
Npepps	0
Nphp1	3
Nphp3	2
Npl	1
Nploc4	8
Npm1	7
Npnt	0
Nprl2	3
Nprl3	3
Nptn	1
Nqo2	0
Nr1d1	5
Nr1d2	0
Nr1h2	3
Nr2c1	0
Nr2c2	4
Nr2f6	3
Nr3c1	1
Nr3c2	1
Nr6a1	1
Nradd	5
Nrarp	0
Nras	1
Nrbf2	0
Nrbp1	2
Nrcam	0
Nrd1	2
Nrde2	6
Nrep	4
Nrf1	6
Nrip1	8
Nrm	5
Nron	4
Nrp	1
Nrp1	1
Nrp2	0
Nrros	6
Nrsn1	0
Nsa2	0
Nsd1	4
Nsdhl	5
Nsf	6
Nsfl1c	3
Nsl1	8
Nsmaf	0
Nsmce1	1
Nsmce2	1
Nsmce4a	1
Nsmf	2
Nsun2	8
Nsun3	1
Nsun4	0
Nsun5	3
Nsun6	0
Nt5c	3
Nt5c2	0
Nt5c3	1
Nt5c3b	5
Nt5dc1	1
Nt5dc2	3
Nt5dc3	0
Nt5m	3
Ntan1	7
Nthl1	9
Ntmt1	3
Ntn3	0
Ntpcr	9
Nuak1	2
Nuak2	3
Nub1	3
Nubp1	0
Nubp2	3
Nubpl	7
Nucb1	3
Nucb2	5
Nucks1	1
Nudc	3
Nudcd1	0
Nudcd2	1
Nudcd3	8
Nudt1	0
Nudt12	1
Nudt13	2
Nudt14	5
Nudt16	0
Nudt16l1	5
Nudt18	3
Nudt19	8
Nudt2	10
Nudt22	5
Nudt3	0
Nudt4	4
Nudt5	0
Nudt6	0
Nudt7	1
Nudt8	0
Nudt9	3
Nuf2	0
Nufip1	2
Nufip2	4
Numa1	6
Numb	0
Numbl	3
Nup107	8
Nup133	0
Nup153	1
Nup155	0
Nup160	0
Nup188	6
Nup205	1
Nup210	0
Nup214	0
Nup35	1
Nup37	1
Nup43	1
Nup50	1
Nup54	1
Nup62	0
Nup85	6
Nup88	2
Nup93	0
Nup98	8
Nupl1	1
Nupl2	0
Nupr1	2
Nus1	1
Nusap1	0
Nutf2	1
Nvl	4
Nwd1	0
Nxf1	2
Nxpe3	5
Nxt1	7
Nxt2	1
Nynrin	0
Oaf	10
Oard1	7
Oas1a	10
Oas1c	0
Oas2	0
Oas3	10
Oasl1	0
Oasl2	10
Oat	5
Oaz2	0
Stn1	3
Ocel1	2
Ociad1	1
Ocln	5
Ocrl	1
Odc1	8
Odf2	6
Odf2l	2
Ofd1	2
Ogdh	8
Ogfod1	0
Ogfod2	2
Ogfod3	5
Ogfr	3
Ogfrl1	3
Ogg1	0
Ogt	4
Ola1	7
Olfm1	5
Olfm4	10
Olfml2b	0
Olfml3	10
Olfr110	4
Olr1	10
Oma1	3
Opa1	0
Opa3	3
Ophn1	2
Oplah	6
Opn3	0
Optn	9
Orai1	5
Orai2	3
Orai3	5
LTO1	2
Orc1	0
Orc2	1
Orc3	4
Orc4	1
Orc5	0
Orc6	1
Orm1	1
Ormdl1	1
Ormdl2	1
Ormdl3	3
Os9	3
Osbp	8
Osbpl11	1
Osbpl1a	0
Osbpl2	5
Osbpl3	0
Osbpl7	3
Osbpl8	1
Osbpl9	8
Oscp1	3
Oser1	1
Osgep	7
Osgepl1	0
Osgin1	3
Osgin2	1
Osm	3
Ost4	7
Ostc	1
Ostf1	3
Ostm1	1
Otub1	3
Otub2	0
Otud1	1
Otud3	3
Otud4	1
Otud5	6
Otud6b	1
Otud7b	4
Otulin	3
Ovca2	1
Oxa1l	3
Oxct1	8
Oxld1	7
Oxnad1	4
Oxr1	1
Oxsm	1
Oxsr1	2
P2rx1	0
P2rx4	5
P2rx7	5
P2ry12	1
P2ry13	1
P2ry2	5
P2ry6	5
P3h1	3
P3h2	6
P3h3	3
P3h4	6
P4ha1	0
P4hb	5
Pa2g4	3
Pabpc1	7
Pabpn1	4
Pacrgl	1
Pacs1	5
Pacs2	6
Pacsin1	2
Pacsin2	6
Padi2	5
Paf1	6
Pafah1b1	1
Pafah1b2	1
Pafah1b3	5
Pafah2	0
Pag1	4
Pagr1a	9
Paics	8
Paip1	2
Paip2	7
Paip2b	0
Pak1	0
Pak1ip1	0
Pak2	1
Pak4	2
Palb2	1
Pald1	6
Palld	0
Palm	6
Pan2	0
Pan3	2
Pank1	3
Pank2	0
Pank3	1
Pank4	2
Panx1	5
Paox	0
Tent2	1
Tent4b	1
Tent4a	0
Papola	1
Papolg	1
Papss1	5
Paqr3	1
Paqr4	3
Paqr7	5
Paqr8	1
Pard3b	4
Pard6a	0
Pard6g	0
Parg	4
Prkn	1
Park7	5
Parl	0
Parn	8
Parp1	6
Parp10	6
Parp11	1
Parp12	8
Parp14	0
Parp16	2
Parp2	2
Parp3	0
Parp4	4
Parp6	2
Parp8	2
Parp9	0
Parpbp	1
Pars2	0
Particl	2
Parvb	2
Parvg	6
Patl1	1
Patz1	6
Paxbp1	4
Paxip1	6
Pbdc1	1
Pbk	0
Pbrm1	4
Pbx1	9
Pbx2	2
Pbx3	0
Pbxip1	3
Pcbd2	7
Pcbp1	3
Pcbp2	0
Pcbp3	5
Pcca	0
Pccb	1
Pcdhb22	8
Pcdhga1	1
Pcdhga11	0
Pcdhga12	1
Pcdhga2	5
Pcdhga3	1
Pcdhga4	8
Pcdhga5	1
Pcdhga7	2
Pcdhga8	1
Pcdhgb1	0
Pcdhgb2	8
Pcdhgb4	0
Pcdhgb5	0
Pcdhgb6	0
Pcdhgb7	2
Pcdhgb8	1
Pced1a	2
Pced1b	5
Pcf11	2
Pcgf1	2
Pcgf3	1
Pcgf5	2
Pcgf6	4
Pcid2	0
Pcif1	6
Pck2	3
Pcm1	4
Pcmt1	8
Pcmtd1	4
Pcmtd2	0
Pcna	1
Pcnp	4
Pcnt	6
Pcnx	4
Pcnx2	2
Pcnx3	0
Pcnx4	4
Pcp4	1
Pcsk7	0
Pctp	8
Pcx	6
Pcyox1	5
Pcyox1l	3
Pcyt1a	1
Pcyt2	2
Pdap1	9
Pdcd1	10
Pdcd10	1
Pdcd11	2
Pdcd2	7
Pdcd2l	0
Pdcd4	4
Pdcd5	7
Pdcd6	7
Pdcd6ip	6
Pdcd7	0
Pdcl	1
Pdcl3	1
Gatd1	5
Pde10a	0
Pde12	1
Pde1a	0
Pde1b	2
Pde2a	5
Pde3b	1
Pde4a	2
Pde4b	0
Pde4dip	4
Pde6d	0
Pde7a	2
Pde8a	0
Pde8b	1
Pdf	1
Pdgfa	9
Pdgfb	2
Pdgfc	1
Pdha1	6
Pdhb	7
Pdhx	0
Pdia3	0
Pdia4	5
Pdia5	6
Pdia6	0
Pdik1l	1
Pdk1	8
Pdk2	6
Pdk3	8
Pdlim2	0
Pdlim4	3
Pdlim5	1
Pdp1	1
Pdp2	10
Pdpk1	1
Pdpr	4
Pdrg1	9
Pds5a	4
Pds5b	0
Pdss1	0
Pdss2	2
Pdxdc1	2
Pdxk	5
Pdyn	0
Pdzd11	0
Pdzd8	1
Pdzk1	1
Pdzrn4	5
Pea15a	10
Peak1	2
Pear1	6
Pebp1	5
Pecam1	6
Pecr	10
Pef1	5
Peg10	2
Peg12	8
Peg13	1
Peg3	1
Peli1	1
Peli2	0
Pelo	0
Pelp1	5
Twnk	2
Pepd	5
Per1	3
Per2	2
Per3	4
Perp	0
Pes1	5
Pet100	7
Pex1	0
Pex10	2
Pex11a	2
Pex11b	1
Pex11g	2
Pex12	0
Pex13	1
Pex14	3
Pex16	0
Pex19	5
Pex2	1
Pex26	0
Pex3	1
Pex5	0
Pex6	3
Pex7	1
Pfas	4
Pfdn1	7
Pfdn2	7
Pfdn4	1
Pfdn5	7
Pfdn6	9
Pfkfb2	2
Pfkfb3	8
Pfkfb4	5
Pfkl	5
Pfkm	6
Pfkp	5
Pfn1	5
Pfn2	0
Pgam5	1
Pgap1	1
Pgap2	1
Pgap3	5
Pgbd1	0
Pgd	5
Pggt1b	4
Pgk1	5
Pgls	3
Pglyrp1	1
Pgm1	10
Pgm2	5
Pgm2l1	1
Pgm3	1
Pgp	3
Pgpep1	5
Pgrmc1	1
Pgrmc2	0
Pgs1	2
Phactr1	0
Phactr2	2
Phactr4	2
Phax	7
Phb	3
Phb2	3
Phc1	2
Phc2	3
Phc3	4
Phf1	2
Phf10	2
Phf11a	10
Phf11b	10
Phf11d	10
Phf12	2
Phf13	0
Phf14	4
Phf2	3
Phf20	3
Phf20l1	4
Phf21a	2
Phf23	9
Phf24	0
Phf3	2
Phf5a	9
Phf6	1
Phf7	4
Phf8	1
Phgdh	5
Phip	4
Phka1	0
Phka2	0
Phkb	4
Phkg2	3
Phldb1	2
Phlpp1	0
Phlpp2	2
Phospho1	4
Phospho2	1
Phpt1	7
Phrf1	6
Phtf1	0
Phtf1os	1
Phtf2	1
Phxr4	4
Phyh	0
Phyhd1	0
Phykpl	0
Pi4k2a	6
Pi4k2b	7
Pi4ka	0
Pi4kb	6
Pias1	0
Pias2	1
Pias3	0
Pias4	2
Pibf1	4
Picalm	4
Pick1	2
Pid1	3
Pidd1	2
Piezo1	0
Piga	1
Pigb	1
Pigc	1
Pigf	1
Pigg	1
Pigh	1
Pigk	8
Pigl	4
Pigm	1
Pign	1
Pigo	0
Pigp	1
Pigq	0
Pigs	5
Pigt	0
Pigu	1
Pigv	3
Pigw	1
Pigx	7
Pigyl	9
Pigz	1
Pih1d1	3
Pik3ap1	6
Pik3c2a	1
Pik3c2b	0
Pik3c3	3
Pik3ca	0
Pik3cb	1
Pik3cd	6
Pik3cg	8
Pik3ip1	5
Pik3r1	4
Pik3r2	6
Pik3r3	0
Pik3r4	6
Pik3r5	6
Pik3r6	6
Pikfyve	4
Pilra	7
Pim1	3
Pim2	5
Pim3	3
Pin1	3
Pink1	6
Pinx1	3
Pip4k2a	0
Pip4k2b	2
Pip4k2c	5
Pip5k1a	0
Pip5k1c	6
Pirb	5
Pisd	3
Pisd-ps1	2
Pisd-ps3	2
Pithd1	3
Pitpna	0
Pitpnb	1
Pitpnc1	2
Pitpnm1	6
Pitrm1	0
Pja1	3
Pja2	1
Pkd1	4
Pkd2	0
Pkd2l2	2
Pkdcc	2
Pkib	1
Pkig	0
Pkm	5
Pkn1	6
Pkn2	1
Pkn3	0
Pknox1	4
Pkp4	2
Pla2g12a	0
Pla2g15	8
Plaat3	0
Pla2g4a	0
Pla2g6	2
Pla2g7	0
Plaa	1
Plagl2	4
Plau	2
Plaur	5
Plbd1	1
Plbd2	5
Plcb2	2
Plcb3	6
Plcb4	2
Plcd1	2
Plcd3	3
Plcg1	6
Plcg2	6
Plcl1	1
Plcl2	0
Plcxd2	0
Pld1	6
Pld2	6
Pld3	5
Pld4	3
Plec	3
Plek	1
Plekha1	0
Plekha2	1
Plekha3	1
Plekha5	2
Plekha7	3
Plekha8	1
Plekhb1	1
Plekhb2	8
Plekhf2	1
Plekhg2	3
Plekhg5	2
Plekhh1	0
Plekhh2	0
Plekhh3	3
Plekhj1	9
Plekhm1	0
Plekhm2	2
Plekhm3	4
Plekhn1	2
Plekho1	3
Plekho2	0
Plet1	3
Plet1os	0
Plgrkt	1
Plin2	3
Plin3	2
Plk1	0
Plk2	7
Plk3	3
Plk4	0
Pln	1
Plod1	6
Plod3	6
Plp1	7
Plrg1	0
Pls3	8
Plscr1	0
Plscr3	5
Pltp	0
Plvap	3
Plxdc1	6
Plxdc2	0
Plxna1	0
Plxna3	0
Plxna4	0
Plxna4os1	7
Plxnb1	2
Plxnb2	6
Plxnb3	3
Plxnc1	0
Pmaip1	4
Pmepa1	5
Pmf1	5
Pml	6
Pmm1	5
Pmm2	3
Pmp22	1
Pmpca	8
Pmpcb	0
Pms1	0
Pms2	0
Pmvk	0
Pnisr	4
Pnkd	9
Pnkp	3
Pnma2	2
Pnn	2
Pno1	1
Pnp	7
Pnp2	7
Pnpla2	3
Pnpla6	3
Pnpla7	6
Pnpla8	1
Pnpo	5
Pnpt1	1
Pnrc1	8
Pnrc2	4
Poc1a	0
Poc1b	5
Poc5	0
Podxl2	3
Pofut1	0
Pofut2	3
Pogk	0
Poglut1	8
Pogz	0
Pola1	1
Pola2	5
Polb	2
Pold1	6
Pold2	5
Pold3	3
Pold4	2
Poldip2	5
Poldip3	8
Pole	1
Pole2	1
Pole3	0
Pole4	1
Polg	6
Polg2	2
Polh	6
Poli	2
Polk	4
Poll	3
Polm	3
Polq	1
Polr1a	0
Polr1b	8
Polr1c	7
Polr1d	7
Polr1e	3
Polr2a	6
Polr2b	5
Polr2c	0
Polr2d	1
Polr2e	3
Polr2f	9
Polr2g	7
Polr2h	7
Polr2i	9
Polr2j	9
Polr2l	7
Polr2m	2
Polr3a	6
Polr3b	0
Polr3c	6
Polr3d	9
Polr3e	2
Polr3f	1
Polr3g	0
Polr3gl	0
Polr3h	0
Polr3k	1
Polrmt	3
Pom121	6
Pomgnt1	5
Pomgnt2	5
Pomk	5
Pomp	7
Pomt1	5
Pomt2	8
Pon2	1
Pon3	1
Pop1	0
Pop4	3
Pop5	9
Pop7	0
Por	5
Porcn	3
Postn	3
Pot1a	1
Pot1b	4
Pou2f1	2
Pou2f2	2
Pou5f2	4
Pou6f1	2
Ppa1	5
Ppa2	1
Ppan	2
Plpp1	8
Plpp3	0
Plpp2	5
Plpp5	1
Plpp6	1
Plpp7	5
Ppard	2
Ppargc1b	2
Ppat	1
Ppcdc	2
Ppcs	3
Ppdpf	3
Ppfia1	2
Ppfia4	3
Ppfibp1	1
Ppfibp2	0
Pphln1	1
Ppia	1
Ppib	9
Ppid	4
Ppie	5
Ppif	5
Ppig	2
Ppih	0
Ppil1	9
Ppil2	3
Ppil3	7
Ppil4	1
Ppip5k1	2
Ppip5k2	0
Ppm1a	4
Ppm1b	0
Ppm1d	0
Ppm1e	0
Ppm1f	8
Ppm1g	3
Ppm1h	4
Ppm1k	1
Ppm1l	0
Ppm1m	2
Ppme1	1
Ppox	2
Ppp1ca	5
Ppp1cb	1
Ppp1r10	6
Ppp1r11	7
Ppp1r12a	4
Ppp1r12b	4
Ppp1r12c	2
Ppp1r13b	6
Ppp1r13l	6
Ppp1r14b	5
Ppp1r15a	3
Ppp1r15b	1
Ppp1r16a	2
Ppp1r16b	0
Ppp1r18	3
Ppp1r1b	0
Ppp1r2	1
Ppp1r21	2
Ppp1r26	3
Ppp1r35	3
Ppp1r37	3
Ppp1r3b	8
Ppp1r3d	8
Ppp1r3f	5
Ppp1r7	0
Ppp1r8	3
Ppp1r9a	4
Ppp1r9b	2
Ppp2ca	1
Ppp2cb	7
Ppp2r1a	6
Ppp2r1b	8
Ppp2r2a	1
Ppp2r2d	2
Ppp2r3a	0
Ppp2r3c	1
Ppp2r3d	2
Ptpa	5
Ppp2r5a	1
Ppp2r5b	6
Ppp2r5c	4
Ppp2r5d	6
Ppp2r5e	1
Ppp3ca	6
Ppp3cb	4
Ppp3cc	0
Ppp3r1	1
Ppp4c	7
Ppp4r1	0
Ppp4r1l-ps	2
Ppp4r2	1
Ppp5c	3
Ppp6c	8
Ppp6r1	6
Ppp6r2	4
Ppp6r3	1
Pprc1	6
Ppt1	8
Ppt2	5
Pptc7	8
Ppwd1	2
Pqbp1	5
Slc66a2	5
Slc66a1	5
Pqlc3	1
Pradc1	9
Praf2	3
Pram1	0
Pramel12	1
Prc1	0
Prcc	3
Prcp	8
Prdm1	1
Prdm10	0
Prdm11	2
Prdm15	0
Prdm16	0
Prdm2	4
Prdm4	2
Prdm9	2
Prdx1	7
Prdx2	5
Prdx3	1
Prdx4	10
Prdx5	5
Prdx6	8
Preb	2
Prelid1	5
Prelid2	1
Prep	6
Prepl	0
Prex1	6
Prickle1	0
Prickle3	6
Prim1	1
Prim2	10
Primpol	4
Prkaa1	1
Prkaa2	1
Prkab1	3
Prkab2	0
Prkaca	5
Prkacb	1
Prkag1	5
Prkag2	3
Prkar1a	8
Prkar1b	10
Prkar2a	1
Prkca	4
Prkcb	6
Prkcd	3
Prkce	2
Prkch	1
Prkci	1
Prkcq	0
Prkcsh	3
Prkcz	5
Prkd2	6
Prkd3	1
Prkdc	4
Prkg1	0
Prkra	2
Prkrip1	9
Thap12	1
Prkx	1
Prlr	0
Prmt1	0
Prmt9	1
Prmt2	5
Prmt3	8
Prmt5	3
Prmt6	0
Prmt7	8
Prnp	2
Procr	5
Prodh	0
Prom1	1
Prom2	9
Prorsd1	1
Pros1	1
Plpbp	0
Proser1	1
Proser3	6
Prox1	0
Prox2	0
Prpf18	1
Prpf19	6
Prpf3	2
Prpf31	3
Prpf38a	1
Prpf38b	2
Prpf39	4
Prpf4	8
Prpf40a	1
Prpf40b	2
Prpf4b	4
Prpf6	5
Prpf8	0
Prps1	1
Prps1l1	2
Prps1l3	1
Prps2	0
Prpsap1	3
Prpsap2	2
Prr12	2
Prr13	3
Prr14	3
Prr14l	4
Prr3	2
Prr5	3
Prr5l	1
Prrc1	1
Prrc2a	2
Prrc2b	2
Prrc2c	2
Prrg2	3
Prss36	0
Prune1	1
Prune2	1
Psap	3
Psat1	8
Psd3	4
Psd4	6
Psen1	5
Psen2	10
Psenen	5
Psip1	0
Pskh1	0
Psma1	1
Psma2	7
Psma3	4
Psma4	7
Psma5	7
Psma6	7
Psma7	9
Psma8	7
Psmb1	7
Psmb10	3
Psmb2	7
Psmb3	5
Psmb4	7
Psmb5	5
Psmb6	5
Psmb7	7
Psmb8	5
Psmb9	5
Psmc1	3
Psmc2	5
Psmc3	5
Psmc3ip	0
Psmc4	3
Psmc5	3
Psmc6	1
Psmd1	5
Psmd10	1
Psmd11	3
Psmd12	5
Psmd13	5
Psmd14	1
Psmd2	5
Psmd3	3
Psmd4	5
Psmd5	1
Psmd6	1
Psmd7	5
Psmd8	9
Psmd9	0
Psme1	3
Psme2	7
Psme2b	2
Psme3	8
Psme4	4
Psmf1	5
Psmg1	1
Psmg2	7
Psmg3	9
Psmg4	9
Pspc1	0
Psph	0
Pstk	7
Pstpip1	10
Pstpip2	0
Ptafr	0
Ptar1	4
Ptbp1	6
Ptbp2	2
Ptbp3	1
Ptcd1	6
Ptcd2	1
Ptcd3	2
Ptch1	0
Ptchd1	1
Ptdss1	8
Ptdss2	0
Pten	1
Pter	0
Ptgds	0
Ptger1	2
Ptger3	0
Ptger4	0
Ptges2	5
Ptges3	1
Ptgfrn	0
Ptgr1	2
Ptgr2	1
Ptgs1	8
Ptk2	5
Ptk2b	5
Ptma	7
Ptms	9
Ptov1	3
Ptp4a1	1
Ptp4a2	1
Ptp4a3	3
Ptpdc1	3
Ptpmt1	7
Ptpn1	3
Ptpn11	2
Ptpn12	4
Ptpn18	7
Ptpn2	4
Ptpn21	0
Ptpn22	0
Ptpn23	2
Ptpn4	4
Ptpn6	6
Ptpn9	1
Ptpra	6
Ptprc	1
Ptpre	0
Ptprg	6
Ptprj	1
Ptprm	1
Ptpro	8
Ptprs	6
Ptrh2	1
Ptrhd1	7
Pts	1
Pttg1	7
Pttg1ip	8
Puf60	3
Pum1	0
Pum2	4
Pura	0
Purb	4
Purg	4
Pus1	6
Pus10	1
Pus3	7
Pus7	0
Pus7l	0
Pusl1	3
Pvr	3
Nectin2	5
Nectin4	6
Pvt1	4
Pwp1	1
Pwp2	8
Pwwp2a	4
Pwwp2b	0
Pxdc1	5
Pxk	6
Pxmp4	3
Pxn	6
Pycard	7
Pycr2	3
Pycrl	0
Ifi213	10
Pygb	6
Pygl	2
Pygm	0
Pygo2	8
Pyhin1	10
Pyroxd1	7
Pyroxd2	2
Pyurf	0
Qars	0
Qdpr	10
Qk	1
Qpct	1
Qpctl	5
Qprt	6
Qrich1	6
Qrsl1	0
Qser1	4
Qsox1	5
Qsox2	6
Qtrt1	2
Qtrt2	0
R3hcc1	2
R3hcc1l	2
R3hdm1	2
R3hdm2	3
R3hdm4	5
R74862	0
Rab1	1
Rab10	1
Rab10os	2
Rab11a	1
Rab11b	3
Rab11fip1	1
Rab11fip2	4
Rab11fip3	3
Rab11fip5	6
Rab12	4
Rab14	1
Rab18	1
Rab19	5
Rab1b	3
Rab20	10
Rab21	1
Rab22a	0
Rab23	0
Rab24	4
Rab27a	0
Rab28	1
Rab29	0
Rab2a	1
Rab2b	1
Rab31	1
Rab32	1
Rab33b	1
Rab34	3
Rab35	0
Rab39	1
Rab3a	3
Rab3d	5
Rab3gap1	8
Rab3gap2	4
Rab3il1	3
Rab3ip	2
Rab40c	2
Rab43	0
Rab4a	3
Rab4b	3
Rab5a	1
Rab5b	8
Rab5c	3
Rab6a	1
Rab6b	0
Rab7	0
Rab7b	5
Rab8a	5
Rab8b	1
Rab9	1
Rabac1	9
Rabep1	4
Rabep2	3
Rabepk	0
Rabgap1	0
Rabgap1l	0
Rabgef1	8
Rabggta	3
Rabggtb	2
Rabif	1
Rabl2	0
Rabl3	0
Rabl6	2
Rac1	8
Rac2	5
Rac3	2
Racgap1	0
Rad1	1
Rad17	4
Rad18	0
Rad21	10
Rad23a	3
Rad23b	0
Rad50	3
Rad51	0
Rad51ap1	0
Rad51b	1
Rad51d	2
Rad52	4
Rad54l	1
Rad54l2	2
Rad9a	2
Rad9b	4
Rae1	5
Raf1	6
Rai1	2
Rai14	1
Rala	1
Ralb	3
Ralbp1	3
Ralgapa1	4
Ralgapa2	0
Ralgapb	4
Ralgds	6
Ralgps1	2
Ralgps2	0
Raly	3
Ramp1	7
Ramp2	2
Ran	8
Ranbp1	5
Ranbp10	0
Ranbp2	4
Ranbp3	3
Ranbp3l	7
Ranbp6	1
Ranbp9	0
Rangap1	3
Rap1a	1
Rap1b	1
Rap1gap2	0
Rap1gds1	8
Rap2a	1
Rap2b	1
Rap2c	1
Rapgef1	2
Rapgef2	0
Rapgef4	0
Rapgef5	4
Rapgef6	4
Rapgefl1	0
Raph1	4
Rapsn	5
Rarg	5
Rars	0
Rars2	1
Rasa1	0
Rasa2	4
Rasa3	6
Rasa4	2
Rasal2	2
Rasal3	6
Rasgef1b	5
Rasgrf2	8
Rasgrp3	2
Rasgrp4	2
Rassf1	2
Rassf2	2
Rassf3	3
Rassf4	1
Rassf5	8
Rassf7	0
Rassf8	0
Raver1	0
Raver2	0
Rb1	1
Rb1cc1	4
Rbak	0
Rbbp4	1
Rbbp5	1
Rbbp6	2
Rbbp7	8
Rbbp8	0
Rbbp9	0
Rbck1	6
Rbfa	3
Rbfox1	0
Rbfox2	0
Rbks	0
Rbl1	1
Rbl2	6
Rbm10	6
Rbm12	1
Rbm12b1	7
Rbm12b2	1
Rbm14	5
Rbm15	0
Rbm15b	6
Rbm17	2
Rbm18	4
Rbm19	6
Rbm22	0
Rbm25	4
Rbm26	4
Rbm27	4
Rbm28	2
Rbm3	1
Rbm33	4
Rbm34	0
Rbm38	3
Rbm39	0
Rbm41	4
Rbm42	3
Rbm43	5
Rbm45	2
Rbm47	4
Rbm48	1
Rbm4b	0
Rbm5	2
Rbm6	2
Rbm7	1
Rbm8a	7
Rbms1	2
Rbms2	0
Rbmx	2
Rbmx2	7
Rbmxl1	1
Rbpj	1
Rbpms	8
Rbsn	8
Rbx1	7
Rc3h1	4
Rc3h2	4
Rcan1	0
Rcan3	8
Rcbtb1	1
Rcbtb2	5
Rcc1	0
Rcc2	6
Rccd1	2
Rce1	0
Rchy1	1
Rcl1	5
Rcn1	10
Rcn2	1
Rcor1	0
Rcor3	1
Rcsd1	3
Rdh10	8
Rdh11	8
Rdh12	0
Rdh13	4
Rdh14	1
Rdh5	2
Rdm1	5
Rdx	8
Reck	0
Recql	0
Recql5	0
Reep3	1
Reep4	3
Reep5	10
Reep6	0
Rel	1
Rela	5
Relb	10
Rell1	1
Relt	0
Renbp	5
Repin1	0
Reps1	3
Reps2	2
Rer1	1
Rere	2
Rest	0
Retsat	5
Rev1	4
Rev3l	4
Rexo1	2
Rexo2	5
Rexo4	3
Rfc1	3
Rfc2	0
Rfc3	0
Rfc4	1
Rfc5	7
Rfesd	2
Rffl	4
Rfk	8
Rfng	2
Rft1	8
Rftn1	5
Cop1	1
Rfwd3	8
Rfx1	6
Rfx3	0
Rfx5	0
Rfx7	1
Rfxank	3
Rfxap	0
Rgl1	6
Rgl2	2
Rgl3	3
Rgmb	1
Rgp1	2
Rgs1	2
Rgs10	7
Rgs12	2
Rgs14	2
Rgs19	9
Rgs2	7
Rgs3	3
Rgs4	0
Rgs7bp	2
Rhbdd1	8
Rhbdd2	8
Rhbdd3	3
Rhbdf1	6
Rhbdf2	6
Rheb	1
Rhebl1	0
Rhno1	9
Rhoa	8
Rhob	2
Rhobtb1	2
Rhobtb2	6
Rhoc	3
Rhof	3
Rhog	3
Rhoh	1
Rhoq	1
Rhot1	0
Rhot2	2
Ribc1	0
Ric1	1
Ric3	1
Ric8a	5
Ric8b	4
Rictor	1
Rif1	4
Rilpl1	3
Rilpl2	0
Rin2	2
Rin3	6
Ring1	3
Rinl	3
Rint1	4
Riok1	0
Riok2	0
Riok3	0
Ripk1	0
Ripk2	0
Ripk3	3
Rit1	0
Rita1	6
Rlf	4
Rlim	1
Rmdn1	1
Rmdn2	1
Rmdn3	3
Rmi1	1
Rmnd5a	4
Rmnd5b	5
Rn45s	4
Rnase10	10
Rnase12	2
Rnase4	0
Rnase6	10
Rnaseh1	2
Rnaseh2a	3
Rnaseh2b	1
Rnaseh2c	3
Rnasek	7
Rnasel	2
Rnaset2b	10
Rnf10	3
Rnf103	8
Rnf11	1
Rnf111	1
Rnf113a1	0
Rnf113a2	2
Rnf114	1
Rnf115	1
Rnf121	1
Rnf122	0
Rnf123	6
Rnf126	3
Rnf128	1
Rnf13	1
Rnf130	1
Rnf135	1
Rnf138	1
Rnf139	1
Rnf14	0
Rnf141	1
Rnf144b	0
Rnf145	8
Rnf146	1
Rnf149	0
Rnf150	2
Rnf157	5
Rnf166	3
Rnf167	5
Rnf168	0
Rnf169	6
Rnf17	0
Rnf170	1
Rnf180	8
Rnf181	9
Rnf185	0
Rnf187	3
Rnf19a	1
Rnf19b	6
Rnf2	1
Rnf20	4
Rnf214	4
Rnf215	2
Rnf216	0
Obi1	1
Rnf220	3
Rnf24	0
Rnf25	2
Rnf26	5
Rnf31	0
Rnf34	1
Rnf38	4
Rnf4	8
Rnf40	6
Rnf41	6
Rnf44	6
Rnf5	7
Rnf6	0
Rnf7	1
Rnf8	9
Rnft1	1
Rngtt	1
Rnh1	5
Rnls	1
Rnmt	0
Mrm3	0
Rnpc3	4
Rnpep	3
Rnpepl1	3
Rnps1	3
Rock1	4
Rock2	4
Rogdi	3
Rom1	3
Romo1	7
Rora	5
Rp2	1
Rp9	0
Rpa1	5
Rpa2	0
Rpa3	7
Rpain	2
Rpap1	6
Rpap2	0
Rpap3	6
Rpe	1
Rpf1	7
Rpf2	7
Rpgr	0
Rpgrip1l	0
Rpia	7
Rpl10	2
Rpl10a	2
Rpl13	7
Rpl13a	7
Rpl14	7
Rpl14-ps1	1
Rpl15	4
Rpl18	9
Rpl18a	7
Rpl22	7
Rpl22l1	7
Rpl23	7
Rpl27a	1
Rpl29	7
Rpl3	1
Rpl32	7
Rpl35	7
Rpl35a	7
Rpl36al	7
Rpl37	7
Rpl37a	7
Rpl37rt	7
Rpl38	7
Rpl39	7
Rpl39l	1
Rpl4	7
Rpl41	7
Rpl6	7
Rpl7	7
Rpl7l1	5
Rpl8	7
Rplp0	7
Rplp1	7
Rplp2	7
Rpn1	5
Rpn2	5
Rpp14	1
Rpp21	9
Rpp25l	9
Rpp30	4
Rpp38	7
Rpp40	1
Rprd1a	4
Rprd1b	2
Rprd2	1
Rps10	7
Rps11	7
Rps14	7
Rps15	7
Rps15a	7
Rps18	7
Rps19	7
Rps19bp1	9
Rps2	7
Rps20	7
Rps21	7
Rps24	7
Rps25	7
Rps26	7
Rps27l	7
Rps3	7
Rps3a1	7
Rps4l	3
Rps4x	7
Rps5	7
Rps6	1
Rps6ka1	6
Rps6ka2	5
Rps6ka3	2
Rps6ka4	3
Rps6ka5	1
Rps6kb1	4
Rps6kb2	2
Rps6kc1	6
Rps7	10
Rps8	7
Rps9	7
Rptor	6
Rptoros	4
Rpusd1	3
Rpusd2	0
Rpusd3	3
Rpusd4	0
Cnot9	1
Rrad	5
Rraga	1
Rragc	8
Rragd	0
Rras	5
Rras2	0
Rrbp1	3
Rreb1	2
Rrm1	8
Rrm2	0
Rrm2b	1
Rrn3	1
Rrnad1	2
Rrp1	3
Rrp12	6
Rrp15	0
Rrp1b	6
Rrp36	3
Rrp7a	3
Rrp8	0
Rrp9	3
Rrs1	3
Rsad1	2
Rsad2	10
Rsbn1	1
Rsbn1l	4
Rsf1	2
Rsl1	1
Rsl1d1	2
Rsl24d1	1
Rslcan18	0
Rspo1	5
Rspry1	1
Rsrc1	4
Rsrc2	2
Rsrp1	4
Rsu1	5
Rtca	0
Rtcb	5
Rtel1	0
Rtf1	9
Rtf2	3
Rtn1	5
Rtn3	1
Rtn4	7
Rtn4ip1	1
Rtn4rl1	6
Rtp4	10
Rttn	0
Rufy1	3
Rufy2	4
Rufy3	3
Rundc1	6
Runx1	1
Rusc1	0
Rusc2	2
Ruvbl1	3
Ruvbl2	3
Rwdd1	7
Rwdd2a	3
Rwdd2b	1
Rwdd3	0
Rwdd4a	0
Rxfp1	0
Rxra	6
Rxrb	3
Rxrg	10
Rybp	1
Ryk	1
S100a1	7
S100a10	3
S100a13	7
S100a4	7
S100a8	1
S100a9	1
S100pbp	1
S1pr1	8
S1pr2	5
Saal1	0
Sac3d1	9
Sacm1l	1
Sae1	0
Safb	3
Safb2	2
Sall1	6
Sall2	3
Sall3	6
Samd1	2
Samd10	0
Samd4b	3
Samd8	0
Samd9l	10
Samhd1	0
Samm50	5
Samsn1	1
Sap130	4
Sap18	1
Sap30	1
Sap30bp	3
Sap30l	3
Sar1a	1
Sar1b	1
Saraf	10
Sardh	3
Sarm1	5
Sarnp	1
Sars	3
Sars2	3
Sart1	3
Sart3	6
Sash3	6
Sass6	0
Sat1	7
Sat2	1
Satb1	0
Sav1	1
Saysd1	9
Sbds	0
Sbf1	2
Sbf2	4
Sbk1	6
Sbno1	4
Sbno2	6
Sc5d	1
Scaf1	3
Scaf11	4
Scaf4	6
Scaf8	1
Scai	4
Scamp1	1
Scamp2	5
Scamp3	3
Scamp4	5
Scamp5	0
Scand1	3
Scap	6
Scaper	4
Scarb1	1
Scarb2	0
Scarf1	4
Scarf2	5
Sccpdh	1
Scd2	6
Scfd1	1
Scfd2	1
Scimp	5
Sclt1	4
Scly	6
Scmh1	6
Scn1b	5
Scnm1	2
Sco1	8
Scoc	4
Scp2	8
Scpep1	5
Scrib	6
Scrn2	6
Scrn3	8
Scube1	0
Scyl1	3
Scyl2	8
Scyl3	0
Sdad1	1
Sdc3	8
Sdc4	4
Sdcbp	8
Entr1	2
Sdccag8	2
Sde2	8
Sdf2	7
Sdf2l1	1
Sdf4	5
Sdha	5
Sdhaf1	2
Sdhaf2	2
Sdhaf3	7
Sdhaf4	7
Sdhb	9
Sdhc	5
Sdhd	1
Sdk1	6
Sdr39u1	2
Sdr42e1	0
Sec11a	1
Sec11c	7
Sec13	3
Sec14l1	0
Sec14l2	3
Sec16a	4
Sec16b	0
Sec22a	1
Sec22b	1
Sec22c	0
Sec23a	1
Sec23b	5
Sec23ip	0
Sec24a	1
Sec24b	1
Sec24c	6
Sec24d	0
Sec31a	5
Sec61a1	8
Sec61a2	4
Sec61b	7
Sec62	7
Sec63	0
Secisbp2	2
Secisbp2l	0
Seh1l	1
Sel1l	8
Selenbp1	5
Selenok	7
Selenom	5
Selenoo	0
Selplg	3
Selenot	1
Sema4a	5
Sema4b	2
Sema4c	0
Sema4d	8
Sema4g	2
Sema6b	5
Sema6c	3
Sema6d	4
Senp1	0
Senp2	4
Senp3	2
Senp5	1
Senp6	2
Senp7	1
Senp8	4
Selenof	1
Sephs1	0
Sephs2	0
Selenon	6
Selenop	1
Sepsecs	1
Septin10	1
Septin11	0
Septin2	1
Septin4	3
Septin6	0
Septin7	1
Septin8	2
Sept9	2
Selenow	7
Serac1	0
Serbp1	7
Serf1	0
Serf2	4
Sergef	9
Serhl	0
Serinc1	1
Serinc3	1
Serinc5	8
Serp1	1
Serpinb1a	1
Serpinb6a	0
Serpinb9	0
Serpine1	5
Serpine2	8
Serpinf1	3
Sertad1	5
Sertad2	9
Sertad3	0
Sesn1	0
Sesn2	6
Sesn3	0
Set	0
Setbp1	0
Setd1a	2
Setd1b	2
Setd2	4
Setd3	10
Setd4	2
Setd5	2
Setd6	3
Setd7	0
Kmt5a	2
Setdb1	6
Setdb2	1
Setmar	2
Setx	0
Sf1	6
Sf3a1	6
Sf3a2	5
Sf3a3	3
Sf3b1	4
Sf3b2	3
Sf3b3	8
Sf3b4	5
Sf3b5	9
Sf3b6	7
Sfi1	2
Sfmbt1	1
Sfmbt2	0
Sfpq	0
Sfr1	7
Sfswap	2
Sft2d1	7
Sft2d2	1
Sft2d3	1
Sfxn1	0
Sfxn2	2
Sfxn3	5
Sfxn4	2
Sgcb	8
Sgce	0
Sgip1	5
Sgk1	8
Sgk3	1
Sgms1	1
Sgms2	1
Sgo2a	0
Sgpl1	8
Sgpp1	1
Sgsh	3
Sgsm2	0
Sgsm3	3
Sgta	3
Sgtb	0
Sh2b1	2
Sh2b2	6
Sh2b3	6
Sh2d1b1	0
Sh2d3c	6
Sh2d5	3
Sh3bgrl	1
Sh3bgrl2	8
Sh3bgrl3	5
Sh3bp1	3
Sh3bp2	2
Sh3bp4	0
Sh3bp5	2
Sh3bp5l	3
Sh3d19	0
Sh3gl1	2
Sh3glb1	7
Sh3glb2	3
Sh3kbp1	5
Sh3pxd2a	2
Sh3pxd2b	7
Sh3tc1	6
Sh3yl1	5
Sharpin	3
Shb	6
Shc1	6
Shcbp1	0
Sem1	7
Shisa5	5
Shkbp1	3
Shmt1	8
Shmt2	3
Shoc2	1
Shpk	3
Shprh	1
Shq1	7
Shroom1	3
Shtn1	0
Siae	8
Siah1a	1
Siah1b	10
Siah2	1
Sidt2	6
Sigirr	2
Siglece	10
Siglecf	1
Siglecg	0
Siglech	2
Sigmar1	5
Sik1	0
Sik2	2
Sik3	6
Sike1	1
Sil1	5
Simc1	2
Sin3a	2
Sin3b	5
Sipa1	3
Sipa1l1	4
Sipa1l2	6
Sipa1l3	6
Sirpa	8
Sirt1	4
Sirt2	3
Sirt3	9
Sirt4	2
Sirt5	5
Sirt6	0
Sirt7	2
Siva1	7
Ska2	7
Ska3	0
Skap2	1
Ski	6
Skil	1
Skint3	0
Skiv2l	3
Mtrex	8
Skp1	1
Skp2	1
Sla	4
Slain2	1
Slamf1	0
Slamf6	5
Slamf7	0
Slamf8	10
Slamf9	10
Slbp	1
Slc10a1	4
Slc10a3	8
Slc10a6	3
Slc10a7	0
Slc11a1	5
Slc11a2	8
Slc12a2	1
Slc12a4	5
Slc12a6	0
Slc12a7	0
Slc12a9	5
Slc13a3	0
Slc14a1	8
Slc15a2	0
Slc15a3	0
Slc15a4	1
Slc16a1	8
Slc16a10	1
Slc16a13	0
Slc16a3	5
Slc16a6	2
Slc16a7	1
Slc16a9	0
Slc17a5	0
Slc17a9	8
Slc18a2	1
Slc18b1	1
Slc19a1	5
Slc19a2	0
Slc1a2	0
Slc1a3	4
Slc1a4	0
Slc1a5	6
Slc20a1	2
Slc20a2	6
Slc22a17	5
Slc22a21	0
Slc22a5	1
Slc23a2	8
Slc24a3	6
Slc25a1	5
Slc25a10	6
Slc25a11	5
Slc25a12	6
Slc25a13	2
Slc25a14	1
Slc25a15	1
Slc25a16	0
Slc25a17	5
Slc25a19	3
Slc25a20	5
Slc25a22	3
Slc25a23	2
Slc25a24	1
Slc25a25	2
Slc25a26	2
Slc25a28	2
Slc25a29	0
Slc25a3	0
Slc25a30	0
Slc25a31	0
Slc25a32	1
Slc25a33	7
Slc25a35	6
Slc25a36	1
Slc25a37	2
Slc25a38	2
Slc25a39	5
Slc25a4	10
Slc25a40	4
Slc25a42	6
Slc25a43	3
Slc25a44	3
Slc25a45	2
Slc25a46	1
Slc25a5	0
Slc25a51	1
Slc25a53	2
Slc26a11	3
Slc26a2	1
Slc26a6	2
Slc27a1	6
Slc27a4	3
Slc29a1	8
Slc29a2	2
Slc29a3	8
Slc2a1	8
Slc2a10	5
Slc2a3	5
Slc2a4rg-ps	4
Slc2a5	5
Slc2a6	10
Slc2a8	5
Slc2a9	0
Slc30a1	0
Slc30a4	1
Slc30a5	1
Slc30a6	1
Slc30a7	1
Slc30a9	1
Slc31a1	1
Slc31a2	8
Slc33a1	1
Slc35a1	1
Slc35a2	5
Slc35a3	1
Slc35a4	8
Slc35a5	8
Slc35b1	1
Slc35b2	8
Slc35b3	0
Slc35b4	1
Slc35c1	5
Slc35c2	3
Slc35d1	0
Slc35d2	1
Slc35e1	8
Slc35e2	4
Slc35e3	1
Slc35e4	5
Slc35f5	1
Slc35f6	5
Slc35g1	0
Slc35g2	1
Slc36a1	2
Slc36a2	7
Slc36a4	1
Slc37a1	3
Slc37a2	0
Slc37a3	0
Slc37a4	0
Slc38a1	0
Slc38a10	6
Slc38a2	8
Slc38a6	2
Slc38a7	6
Slc38a9	4
Slc39a1	7
Slc39a10	8
Slc39a11	8
Slc39a12	8
Slc39a13	3
Slc39a14	1
Slc39a3	6
Slc39a4	10
Slc39a6	5
Slc39a7	3
Slc39a8	1
Slc39a9	1
Slc3a2	5
Slc40a1	1
Slc41a1	6
Slc41a2	0
Slc41a3	5
Slc43a1	0
Slc43a2	6
Slc43a3	1
Slc44a1	1
Slc44a2	8
Slc45a3	1
Slc45a4	6
Slc46a1	8
Slc46a3	8
Slc48a1	5
Slc4a10	0
Slc4a1ap	4
Slc4a2	6
Slc4a7	1
Slc50a1	7
Slc52a2	5
Slc5a10	5
Slc5a11	0
Slc5a3	1
Slc5a5	5
Slc5a6	8
Slc6a6	3
Slc6a9	5
Slc7a1	1
Slc7a11	1
Slc7a4	8
Slc7a5	1
Slc7a6	1
Slc7a6os	2
Slc7a7	5
Slc7a8	6
Slc8a1	4
Slc8b1	5
Slc9a1	5
Slc9a3r1	3
Slc9a3r2	3
Slc9a5	2
Slc9a6	1
Slc9a7	1
Slc9a8	0
Slc9a9	8
Slco2b1	6
Slco4a1	5
Slfn10-ps	2
Slfn2	10
Slfn5	10
Slfn8	2
Slfn9	2
Slirp	7
Slk	4
Slmap	1
Prelid3b	3
Sltm	2
Slu7	3
Slx1b	2
Slx4	2
Slx4ip	4
Smad1	8
Smad2	1
Smad3	0
Smad4	1
Smad5	4
Smad6	3
Smad7	0
Smagp	5
Smap1	7
Smap2	0
Smarca2	2
Smarca4	6
Smarca5	1
Smarcad1	1
Smarcal1	6
Smarcb1	3
Smarcc1	4
Smarcc2	6
Smarcd1	6
Smarcd2	3
Smarcd3	3
Smarce1	2
Smc1a	3
Smc2	1
Smc3	4
Smc4	0
Smc5	1
Smc6	4
Smchd1	1
Smcr8	1
Smdt1	7
Ppp4r3a	1
Ppp4r3b	1
Smg1	4
Smg5	6
Smg6	2
Smg7	4
Smg8	0
Smg9	6
Smim1	3
Smim10l1	4
Smim10l2a	2
Smim11	7
Smim12	5
Smim13	8
Smim14	10
Smim15	1
Smim19	7
Smim20	0
Smim24	9
Smim3	5
Smim4	7
Smim7	1
Smim8	7
Smn1	0
Smndc1	0
Smo	6
Smox	2
Smpd1	5
Smpd2	3
Smpd3	2
Smpd4	6
Smpd5	2
Smpdl3a	10
Smpdl3b	3
Sms	1
Smtn	3
Smu1	1
Smug1	0
Smurf1	0
Smurf2	4
Smyd2	0
Smyd3	0
Smyd4	0
Smyd5	6
Snap23	1
Snap25	1
Snap29	0
Snap47	5
Snap91	0
Snapc1	1
Snapc2	0
Snapc3	4
Snapc4	2
Snapc5	2
Snapin	1
Sncaip	6
Snd1	5
Sned1	0
Snf8	0
Snhg1	2
Snhg17	2
Snhg20	2
Snhg3	4
Snhg5	2
Snhg6	7
Snhg7	1
Snhg8	7
Snip1	0
Snn	0
Snora28	4
Snora70	2
Snph	5
Snrk	3
Snrnp200	0
Snrnp25	5
Snrnp27	7
Snrnp35	3
Snrnp40	1
Snrnp48	4
Snrnp70	2
Snrpa	3
Snrpa1	9
Snrpb	3
Snrpb2	7
Snrpc	9
Snrpd1	7
Snrpd2	7
Snrpd3	7
Snrpe	7
Snrpg	7
Snta1	3
Sntb2	2
Snupn	7
Snw1	0
Snx1	3
Snx10	1
Snx11	6
Snx12	5
Snx13	1
Snx14	1
Snx15	3
Snx16	7
Snx17	5
Snx18	8
Snx19	6
Snx2	0
Snx20	3
Snx21	3
Snx22	2
Snx24	2
Snx25	0
Snx27	4
Snx29	4
Snx3	9
Snx30	2
Snx32	3
Snx33	5
Snx4	8
Snx5	7
Snx6	0
Snx7	1
Snx8	6
Snx9	6
Soat1	1
Soat2	0
Socs3	6
Socs4	0
Socs5	4
Socs6	1
Socs7	2
Sod1	7
Sod2	0
Soga1	2
Son	4
Sorbs1	0
Sord	0
Sorl1	6
Sort1	8
Sos1	1
Sos2	1
Sostdc1	0
Sowahc	1
Sox13	0
Sox15	3
Sox4	3
Sp1	4
Sp100	10
Sp110	5
Sp140	4
Sp2	6
Sp3	1
Sp3os	7
Sp4	4
Spaca1	7
Spag1	2
Spag5	0
Spag7	9
Spag9	4
Sparc	9
Sparcl1	1
Spast	1
Spata1	4
Spata13	8
Spata2	6
Spata2l	5
Spata5	1
Spata5l1	2
Spata6	0
Spata7	0
Spats2	5
Spc25	1
Spcs1	7
Spcs2	1
Spcs3	1
Spdl1	4
Specc1	2
Specc1l	0
Speg	2
Spen	2
Spg11	0
Spg20	5
Spg21	8
Spg7	5
Sphk2	6
Spi1	3
Spice1	2
Spidr	0
Spin1	1
Spint1	5
Spire1	4
Spns1	2
Spns2	10
Spns3	10
Spock1	0
Spon1	4
Spop	2
Spopl	4
Spp1	5
Sppl2a	1
Sppl2b	6
Sppl3	8
Spr	3
Spred1	1
Spred2	6
Sprtn	0
Spry1	3
Spryd3	5
Spryd4	7
Spryd7	1
Spsb1	6
Spsb2	0
Spsb3	3
Sptan1	2
Sptb	2
Sptbn1	2
Sptlc1	8
Sptlc2	8
Sptssa	1
Spty2d1	1
Sqle	1
Sqor	0
Sqstm1	5
Sra1	7
Srbd1	6
Src	6
Srcap	2
Srd5a3	10
Srebf1	6
Srebf2	5
Srek1	2
Srek1ip1	7
Srf	2
Srfbp1	0
Srgap2	2
Srgap3	2
Srgn	7
Sri	1
Srl	0
Srm	3
Srp14	7
Srp19	7
Srp68	3
Srp72	0
Srp9	7
Srpk1	2
Srpk2	0
Srpk3	2
Srpr	8
Srprb	8
Srr	2
Srrd	2
Srrm1	2
Srrm2	2
Srrt	3
Srsf1	1
Srsf10	1
Srsf11	4
Srsf2	0
Srsf3	1
Srsf4	3
Srsf5	2
Srsf6	0
Srsf7	4
Srsf9	10
Srxn1	10
Ss18	3
Ss18l1	0
Ssb	7
Ssbp1	2
Ssbp2	3
Ssbp3	3
Ssbp4	3
Itprid2	2
Ssh1	0
Ssh2	0
Ssna1	9
Sspn	0
Ssr1	8
Ssr2	1
Ssr3	1
Ssr4	7
Ssrp1	3
Znrd2	3
Ssu72	7
Ssx2ip	1
St13	3
St14	5
St3gal1	3
St3gal2	6
St3gal3	2
St3gal4	8
St3gal5	5
St3gal6	1
Denn2b	6
St6gal1	8
St6galnac4	6
St6galnac6	6
St7	1
St7l	1
St8sia1	1
St8sia4	0
St8sia6	10
Stab1	6
Stag1	1
Stag2	1
Stag3	0
Stam	1
Stam2	1
Stambp	5
Stambpl1	3
Stap1	0
Star	2
Stard3	6
Stard3nl	1
Stard4	1
Stard5	0
Stard7	1
Stard8	6
Stat1	10
Stat2	0
Stat3	6
Stat4	0
Stat5a	6
Stat5b	6
Stat6	6
Stau1	6
Stau2	0
Stbd1	5
Steap3	6
Stil	0
Stim1	0
Stim2	0
Stip1	3
Stk10	6
Stk11	3
Stk11ip	6
Stk16	2
Stk17b	1
Stk19	9
Stk24	7
Stk25	2
Stk26	1
Stk3	4
Stk35	4
Stk36	2
Stk38	0
Stk38l	0
Stk4	0
Stk40	6
Stmn1	5
Stom	5
Stoml1	3
Stoml2	0
Ston1	0
Ston2	2
Stra13	7
Strada	2
Stradb	0
Strap	1
Strbp	2
Strip1	6
Strn	1
Strn3	1
Strn4	3
Stt3a	8
Stt3b	1
Stub1	3
Stx12	1
Stx16	2
Stx17	1
Stx18	3
Stx1a	2
Stx2	6
Stx3	1
Stx4a	2
Stx5a	2
Stx6	0
Stx7	1
Stx8	7
Stxbp1	6
Stxbp2	3
Stxbp3	0
Stxbp4	4
Stxbp5	1
Sub1	1
Sucla2	1
Suclg1	9
Suclg2	8
Suco	4
Suds3	0
Sufu	6
Sugct	1
Sugp1	3
Sugp2	4
Sugt1	1
Sulf1	0
Sulf2	0
Sult1a1	3
Sult6b1	0
Sumf1	8
Sumf2	5
Sumo1	1
Sumo3	1
Sun1	1
Sun2	3
Suox	5
Supt16	4
Supt20	4
Supt3	2
Supt4a	7
Supt5	5
Supt6	6
Supt7l	8
Supv3l1	0
Surf1	9
Surf2	2
Surf4	8
Surf6	6
Susd1	0
Susd3	5
Susd6	1
Suv39h1	0
Suv39h2	0
Kmt5b	4
Kmt5c	2
Suz12	1
Sv2a	5
Svil	2
Svip	8
Swap70	1
Swi5	7
Swsap1	3
Swt1	7
Syap1	0
Syce2	7
Syf2	5
Syk	2
Sympk	6
Syn3	1
Syncrip	1
Syne1	1
Syne2	4
Syngr1	10
Syngr2	5
Synj1	0
Synj2	5
Synj2bp	4
Synrg	0
Syp	5
Sypl	1
Sys1	5
Syt11	3
Syt3	5
Syt6	2
Syvn1	6
Szrd1	2
Szt2	2
Tab1	6
Tab2	2
Tab3	0
Tacc1	1
Tacc2	6
Tacc3	0
Taco1	0
Tada1	1
Tada2a	3
Tada2b	1
Tada3	3
Taf1	0
Taf10	7
Taf11	1
Taf12	9
Taf13	1
Taf15	4
Taf1a	2
Taf1b	7
Taf1c	0
Taf1d	4
Taf2	1
Taf3	4
Taf4	3
Taf4b	0
Taf5	4
Taf5l	0
Taf6	6
Taf6l	3
Taf7	1
Taf8	3
Taf9	1
Taf9b	1
Tagap	0
Tagap1	2
Tagln2	5
Tal1	2
Taldo1	5
Tamm41	0
Tanc1	0
Tanc2	4
Tango2	2
Tango6	6
Tank	1
Taok1	4
Taok2	2
Taok3	2
Tap1	5
Tap2	3
Tapbp	5
Tapbpl	3
Tapt1	1
Tarbp2	2
Tardbp	4
Tars	3
Tars2	0
Tarsl2	1
Tasp1	0
Tatdn1	0
Tatdn2	2
Tatdn3	2
Tax1bp1	6
Tax1bp3	5
Taz	3
Tbc1d1	1
Tbc1d10a	0
Tbc1d10b	6
Tbc1d12	0
Tbc1d13	4
Tbc1d14	8
Tbc1d15	8
Tbc1d16	2
Tbc1d17	3
Tbc1d19	8
Tbc1d20	0
Tbc1d22a	3
Tbc1d22b	0
Tbc1d23	0
Tbc1d24	0
Tbc1d25	3
Tbc1d2b	0
Tbc1d30	5
Tbc1d31	2
Tbc1d32	1
Tbc1d4	2
Tbc1d5	0
Tbc1d7	0
Tbc1d8	0
Tbc1d8b	0
Tbc1d9	2
Tbc1d9b	6
Tbca	7
Tbcb	5
Tbcc	9
Tbccd1	1
Tbcd	8
Tbce	2
Tbcel	1
Tbck	1
Tbk1	4
Tbkbp1	6
Tbl1x	2
Tbl1xr1	1
Tbl2	1
Tbl3	6
Tbp	4
Tbpl1	1
Tbrg1	5
Tbrg3	4
Tbrg4	2
Tbx19	5
Tbx6	2
Tbxas1	8
Tcaf1	0
Tcaim	4
Tcea1	1
Tcea2	2
Tceal1	1
Tceal8	10
Tceanc	1
Tceanc2	0
Eloc	1
Elob	7
Eloa	6
Tcerg1	2
Tcf12	1
Tcf19	5
Tcf20	2
Tcf24	3
Tcf25	2
Tcf3	3
Tcf4	3
Tcf7l2	8
Tchp	2
Tcirg1	2
Tcn2	5
Tcof1	3
Tcp1	0
Tcp11l1	0
Tcp11l2	3
Tcta	7
Dynlt2b	7
Tctn1	5
Tctn3	1
Tdp1	3
Tdp2	1
Tdrd3	0
Tdrd7	6
Tdrkh	0
Tec	4
Tecpr1	3
Tecpr2	0
Tecr	5
Tef	0
Tefm	1
Telo2	6
Ten1	0
Tep1	4
Terf1	0
Terf2	2
Terf2ip	4
Tes	1
Tesk1	3
Tesk2	0
Tet1	2
Tet2	4
Tet3	2
Tex10	1
Tex11	5
Tex12	1
Tex14	0
Tex2	3
Tex261	5
Tex264	5
Tex30	1
Tex9	4
Tfam	1
Tfb1m	4
Tfb2m	4
Tfcp2	3
Tfdp1	1
Tfdp2	0
Tfe3	6
Tfeb	6
Tfg	2
Tfip11	6
Tfpi	1
Tfpt	3
Tfrc	1
Tgds	4
Tgfa	8
Tgfb1	6
Tgfbi	0
Tgfbr1	1
Tgfbr2	1
Tgfbrap1	0
Tgif1	0
Tgif2	0
Tgm1	6
Tgm2	5
Tgm4	6
Tgoln1	1
Tgs1	1
Tgtp2	10
Tha1	2
Thada	8
Thap1	1
Thap11	5
Thap2	4
Thap3	9
Thap4	3
Thap6	2
Thap7	3
Thbs1	6
Thbs2	1
Them4	7
Them6	3
Themis2	6
Thg1l	2
Thnsl1	1
Thnsl2	0
Thoc1	4
Thoc2	4
Thoc3	9
Thoc5	3
Thoc6	5
Thoc7	7
Thop1	6
Thra	2
Thrap3	2
Thrb	8
Thrsp	5
Thsd1	5
Thtpa	0
Thumpd1	1
Thumpd2	0
Thumpd3	2
Thyn1	1
Tia1	4
Tial1	4
Tiam1	4
Ticam1	0
Ticam2	0
Tifa	1
Tifab	3
Tigar	6
Tigd2	1
Tigd3	0
Tigd5	0
Timeless	1
Timm10	7
Timm10b	7
Timm13	9
Timm17a	7
Timm17b	5
Timm21	7
Timm22	5
Timm44	2
Timm50	3
Timm8b	7
Timm9	2
Timmdc1	0
Timp2	5
Timp3	0
Tinf2	2
Tiparp	1
Tipin	7
Tiprl	1
Tirap	2
Tjap1	3
Tjp1	0
Tjp2	5
Tjp3	0
Tk1	0
Tk2	1
Tkfc	0
Tkt	5
Tlcd2	8
Meak7	0
Tle1	8
Tle2	5
Tle3	3
Tle4	8
Tlk1	4
Tlk2	2
Tln1	6
Tln2	6
Tlr1	0
Tlr11	1
Tlr12	5
Tlr13	1
Tlr2	10
Tlr3	1
Tlr4	1
Tlr5	1
Tlr6	1
Tlr7	1
Tlr8	1
Tlr9	7
Tm2d1	1
Tm2d2	5
Tm2d3	7
Tm6sf1	2
Tm7sf2	1
Tm7sf3	1
Tm9sf1	8
Tm9sf2	1
Tm9sf3	1
Tm9sf4	5
Tma16	0
Tma7	7
Tmbim1	5
Tmbim4	1
Tmbim6	5
Tmc6	5
Tmc7	4
Tmc8	2
Tmcc1	4
Tmcc2	3
Tmcc3	6
Tmco1	1
Tmco3	5
Tmco4	6
Tmco6	2
Tmed1	3
Tmed10	8
Tmed2	1
Tmed3	9
Tmed4	1
Tmed5	1
Tmed7	1
Tmed8	1
Tmed9	2
Tmem100	7
Tmem101	0
Tmem104	3
Tmem106a	5
Tmem106b	1
Tmem106c	0
Tmem109	5
Tmem11	0
Stimate	8
Tmem115	5
Tmem119	5
Tmem120a	10
Tmem120b	0
Tmem123	8
Tmem126a	1
Tmem126b	7
Tmem127	3
Tmem128	1
Tmem129	1
Tmem131	6
Tmem132a	2
Tmem134	5
Tmem135	1
Tlcd5	0
Tmem138	7
Tmem140	2
Tmem141	9
Tmem143	6
Tmem144	0
Tmem147	1
Tmem14a	7
Tmem14c	7
Tmem150a	0
Tmem154	8
Tmem159	8
Tmem160	5
Tmem161a	3
Tmem161b	0
Tmem164	1
Tmem165	1
Tmem167	1
Tmem167b	1
Tmem168	1
Tmem17	10
Tmem170	0
Tmem170b	1
Sting1	5
Tmem175	8
Tmem176a	10
Tmem176b	0
Tmem177	1
Tmem179b	7
Tmem18	1
Mfsd13a	5
Tmem181a	0
Tmem181b-ps	2
Tmem183a	4
Tmem184b	6
Tmem184c	0
Tmem185b	1
Tmem186	1
Peds1	5
Tmem19	8
Tmem192	0
Nemp1	1
Nemp2	0
Tmem198b	5
Tmem199	0
Cemip2	0
Tmem201	6
Tmem203	7
Tmem204	3
Tmem205	10
Pacc1	2
Tmem208	7
Tmem209	1
Tmem214	3
Tmem216	0
Tmem218	1
Tmem219	5
Tmem220	0
Tmem221	5
Tmem222	8
Tmem223	7
Tmem229a	4
Tmem229b	1
Tmem230	1
Tmem231	3
Tmem234	9
Tmem237	1
Tmem241	1
Tmem242	7
Tmem243	1
Tmem245	4
Tmem248	8
Tmem251	1
Tmem256	7
Tmem258	7
Tmem259	3
Tmem26	1
Tmem260	1
Dmac1	7
Tmem263	1
Tmem265	2
Tmem29	7
Tmem30a	1
Tmem33	1
Tmem37	7
Tmem38a	0
Tmem38b	1
Tmem39a	0
Tmem39b	3
Tmem41a	0
Tmem41b	1
Tmem42	0
Tmem43	5
Tmem44	0
Tmem47	0
Rxylt1	1
Tmem50a	5
Tmem50b	8
Tmem52	2
Tmem53	5
Pip4p2	1
Pip4p1	2
Maco1	2
Tmem59	1
Tmem60	7
Tmem62	5
Tmem63a	5
Tmem63b	2
Tmem64	1
Tmem65	1
Tmem67	8
Tmem68	1
Tmem69	2
Tmem70	1
Tmem71	1
Tmem79	5
Pgap6	6
Tmem80	7
Tmem81	0
Tmem86a	5
Tmem86b	2
Tmem87a	4
Tmem87b	4
Tmem8b	3
Mymk	5
Tmem9	0
Tmem97	8
Tmem9b	8
Tmf1	2
Tmigd3	0
Tmlhe	1
Tmod1	3
Tmod3	8
Tmpo	1
Tmppe	1
Tmsb10	7
Tmsb4x	7
Tmtc3	1
Tmtc4	1
Tmub1	5
Tmub2	5
Tmx1	1
Tmx2	1
Tmx3	1
Tmx4	1
Tnf	6
Tnfaip1	5
Tnfaip2	5
Tnfaip3	4
Tnfaip8	1
Tnfaip8l2	3
Tnfrsf11a	8
Tnfrsf12a	0
Tnfrsf13b	2
Tnfrsf14	2
Tnfrsf17	10
Tnfrsf1a	5
Tnfrsf1b	6
Tnfrsf21	8
Tnfrsf22	0
Tnfrsf23	0
Tnfrsf26	5
Tnfsf10	8
Tnfsf12	3
Tnfsf13b	5
Tnfsf8	10
Tnfsf9	0
Tnip1	3
Tnip2	2
Tnks	1
Tnks1bp1	2
Tnks2	1
Tnni2	7
Tnpo1	1
Tnpo2	6
Tnpo3	0
Tnrc18	2
Tnrc6a	2
Tnrc6b	2
Tnrc6c	2
Tns1	0
Tns3	0
Tns4	0
Tob1	1
Tob2	3
Toe1	0
Tollip	8
Tom1l1	7
Tom1l2	6
Tomm20	1
Tomm22	1
Tomm34	0
Tomm40	3
Tomm40l	2
Tomm5	7
Tomm6	7
Tomm7	7
Tomm70a	1
Tomt	4
Tonsl	2
Top1	9
Top1mt	3
Top2a	0
Top2b	1
Top3a	6
Top3b	3
Topbp1	4
Topors	1
Smim27	7
Tor1a	5
Tor1aip1	10
Tor1aip2	1
Tor1b	5
Tor2a	5
Tor3a	5
Tor4a	6
Tox4	8
Tpbg	5
Tpcn1	2
Tpcn2	0
Tpd52	8
Tpd52l2	0
Tpgs1	3
Tpgs2	0
Tpi1	5
Tpk1	0
Tpm1	2
Tpm2	0
Tpm3	3
Tpm4	0
Tpmt	4
Tpp1	8
Tpp2	1
Tppp	2
Tpr	2
Tpra1	3
Tprgl	3
Tprkb	7
Tprn	5
Tpst1	8
Tpst2	3
Tpt1	7
Tpx2	0
Tra2a	4
Tra2b	1
Trabd	3
Tradd	3
Traf2	3
Traf3	2
Traf3ip1	4
Traf3ip3	3
Traf5	0
Traf6	1
Traf7	2
Trafd1	3
Trak1	6
Trak2	2
Tram1	1
Tram2	0
Trap1	3
Trappc1	7
Trappc10	0
Trappc11	0
Trappc12	6
Trappc13	1
Trappc2	1
Trappc2l	7
Trappc3	5
Trappc4	7
Trappc5	3
Trappc6a	10
Trappc6b	4
Trappc8	1
Trappc9	5
Trdmt1	1
Trem2	5
Trem3	1
Treml2	3
Trex1	10
Trf	3
Triap1	7
Trib1	6
Trib3	0
Trim11	3
Trim12a	0
Trim12c	9
Trim13	1
Trim14	8
Trim16	6
Trim2	1
Trim21	0
Trim23	1
Trim24	0
Trim25	1
Trim26	2
Trim27	5
Trim28	3
Trim3	3
Trim30a	1
Trim30d	1
Trim32	8
Trim33	4
Trim34a	1
Trim35	8
Trim36	1
Trim37	8
Trim39	2
Trim41	9
Trim44	2
Trim45	0
Trim47	3
Trim56	0
Trim59	0
Trim62	0
Trim65	3
Trim68	0
Trim8	3
Trio	4
Triobp	3
Trip10	3
Trip11	4
Trip12	4
Trip13	0
Trip4	0
Trip6	2
Triqk	1
Trit1	2
Trmt1	2
Trmt10a	0
Trmt10b	0
Trmt10c	1
Trmt11	4
Trmt112	9
Trmt12	1
Trmt13	4
Trmt1l	0
Trmt2a	6
Trmt2b	0
Trmt44	0
Trmt5	0
Trmt6	0
Trmt61a	0
Trmt61b	7
Trmu	2
Trnau1ap	4
Trnt1	1
Ro60	1
Trp53	5
Trp53bp1	0
Trp53bp2	6
Trp53cor1	2
Trp53i11	5
Trp53i13	3
Trp53inp1	1
Trp53inp2	4
Trp53rka	0
Trp53rkb	10
Trpc4ap	6
Trpm2	6
Trpm4	6
Trpm7	4
Trps1	1
Trpv2	3
Trpv4	5
Trrap	2
Trub1	2
Trub2	3
Tsacc	2
Tsc1	2
Tsc2	6
Tsc22d1	5
Tsc22d2	1
Tsc22d3	3
Tsc22d4	3
Tsen15	0
Tsen2	9
Tsen34	3
Tsen54	5
Tsfm	5
Tsg101	1
Tsga10	0
Tshz1	6
Tsn	1
Tsnax	9
Tspan13	8
Tspan14	8
Tspan17	8
Tspan18	6
Tspan2	0
Tspan3	7
Tspan31	8
Tspan32	10
Tspan33	3
Tspan4	10
Tspan5	8
Tspan7	10
Tspan8	1
Tspan9	1
Tspo	5
Tspyl1	1
Tspyl2	2
Tspyl3	5
Tspyl4	0
Tsr1	0
Tsr2	0
Tsr3	3
Eipr1	3
Tssc4	9
Gfus	2
Tstd2	1
Tstd3	0
Ttbk2	4
Ttc1	1
Ttc12	0
Ttc13	5
Ttc14	4
Ttc17	3
Ttc19	1
Ttc21b	2
Ttc26	0
Ttc27	8
Ttc28	6
Ttc3	2
Ttc30a1	1
Ttc30b	0
Ttc32	7
Ttc33	1
Ttc37	1
Ttc38	3
Ttc39b	1
Ttc4	0
Ttc5	9
Ttc7	6
Ttc7b	0
Ttc8	1
Ttc9	5
Ttc9c	1
Ttf1	2
Ttf2	3
Tti1	1
Tti2	0
Ttk	0
Ttl	4
Ttll1	3
Ttll12	5
Ttll3	2
Ttll4	0
Ttll5	4
Ttpal	1
Ttr	0
Ttyh1	0
Ttyh2	0
Ttyh3	6
Tuba1a	5
Tuba1b	10
Tuba1c	5
Tuba4a	5
Tubb2a	0
Tubb2b	3
Tubb4b	5
Tubb5	5
Tubb6	5
Tubd1	3
Tubg1	3
Tubgcp2	5
Tubgcp3	3
Tubgcp4	2
Tubgcp5	2
Tubgcp6	0
Tufm	3
Tuft1	0
Tug1	1
Tulp3	7
Tulp4	4
Tusc2	0
Tusc3	8
Tut1	0
Tvp23a	4
Tvp23b	1
Twf1	0
Twf2	3
Polr1f	1
Twsg1	5
Txlna	6
Txlnb	7
Txlng	2
Txn1	7
Txn2	5
Txndc11	0
Txndc12	5
Txndc15	5
Txndc16	0
Txndc17	1
Txndc5	5
Txndc9	7
Txnip	4
Txnl1	1
Txnl4a	9
Txnl4b	3
Txnrd1	5
Txnrd2	3
Txnrd3	3
Tyk2	2
Tyms	0
Tyrobp	7
Tysnd1	3
Tyw1	3
Tyw3	0
Tyw5	2
U2af1	2
U2af1l4	9
U2af2	6
U2surp	0
Uap1	0
Uap1l1	5
Uba1	6
Uba2	0
Uba3	1
Uba5	3
Uba52	7
Uba6	1
Uba7	2
Ubac1	2
Ubac2	8
Ubald1	3
Ubap1	1
Ubap2	6
Ubap2l	6
Ubash3b	6
Ubb	6
Ubc	3
Ube2a	1
Ube2b	7
Ube2c	0
Ube2cbp	10
Ube2d1	0
Ube2d2a	1
Ube2d3	1
Ube2e1	1
Ube2e2	10
Ube2e3	1
Ube2f	4
Ube2g1	1
Ube2g2	5
Ube2h	0
Ube2i	2
Ube2j1	1
Ube2j2	0
Ube2k	4
Ube2l3	8
Ube2l6	10
Ube2m	3
Ube2n	1
Ube2o	3
Ube2q1	9
Ube2q2	1
Ube2r2	2
Ube2t	5
Ube2v1	3
Ube2v2	1
Ube2w	1
Ube2z	8
Ube3a	1
Ube3b	0
Ube3c	1
Ube4a	0
Ube4b	0
Ubfd1	1
Ubiad1	1
Ubl3	8
Ubl4a	0
Ubl5	7
Ubl7	3
Ublcp1	1
Ubn1	2
Ubn2	4
Ubox5	1
Ubp1	4
Ubqln1	8
Ubqln2	0
Ubqln4	3
Ubr1	4
Ubr2	2
Ubr3	1
Ubr4	4
Ubr5	4
Ubr7	1
Ubtd1	3
Ubtd2	1
Ubtf	3
Ubxn1	9
Ubxn2a	4
Ubxn2b	1
Ubxn4	2
Ubxn6	3
Ubxn7	1
Ubxn8	0
Uchl3	1
Uchl4	4
Uchl5	1
Uck1	0
Uckl1	2
Ucp2	3
Uevld	1
Ufc1	7
Ufd1	3
Ufl1	0
Ufm1	4
Ufsp1	0
Ufsp2	1
Ugcg	1
Ugdh	1
Uggt1	4
Uggt2	1
Ugp2	1
Ugt1a7c	8
Uhmk1	1
Uhrf1	1
Uhrf1bp1	0
Uhrf1bp1l	0
Uhrf2	4
Uimc1	2
Ulbp1	0
Ulk1	6
Ulk2	0
Ulk3	2
Ulk4	0
Umad1	1
Umodl1	0
Umps	8
Unc119b	8
Unc13a	0
Unc13b	2
Unc13d	6
Unc45a	3
Unc50	7
Unc5a	5
Unc5cl	5
Unc79	0
Unc93b1	5
Unk	6
Unkl	0
Upf1	6
Upf2	4
Upf3a	9
Upf3b	2
Upk1b	10
Uqcc1	3
Uqcc2	7
Uqcc3	7
Uqcr10	7
Uqcr11	7
Uqcrb	7
Uqcrc1	5
Uqcrc2	5
Uqcrfs1	1
Uqcrh	7
Uqcrq	7
Urb1	4
Urb2	0
Urgcp	6
Uri1	3
Urm1	2
Urod	3
Uros	2
Usb1	0
Use1	7
Usf1	3
Usf2	2
Atp5md	7
Uso1	0
Usp1	1
Usp10	6
Usp11	2
Usp12	1
Usp14	1
Usp15	0
Usp16	2
Usp18	10
Usp19	6
Usp2	3
Usp20	3
Usp21	3
Usp22	8
Usp24	4
Usp25	1
Usp28	3
Usp3	1
Usp30	0
Usp31	4
Usp32	4
Usp33	0
Usp34	4
Usp35	0
Usp36	6
Usp37	1
Usp38	1
Usp39	3
Usp4	6
Usp40	4
Usp42	4
Usp45	1
Usp46	0
Usp47	0
Usp48	2
Usp49	4
Usp5	6
Usp53	0
Usp54	0
Usp6nl	0
Usp7	4
Usp8	6
Usp9x	1
Uspl1	0
Ust	6
Utp11	7
Utp14a	2
Utp15	8
Utp18	0
Utp20	0
Utp23	1
Utp3	0
Utp6	0
Utrn	4
Uty	1
Uvrag	6
Uvssa	2
Uxs1	7
Uxt	1
Vac14	6
Vamp1	2
Vamp2	0
Vamp3	1
Vamp4	1
Vamp5	9
Vamp7	1
Vamp8	7
Vangl1	8
Vangl2	0
Vapa	1
Vapb	3
Vars	6
Vars2	0
Vash1	2
Vash2	0
Vasp	3
Vat1l	0
Vav1	6
Vav2	0
Vbp1	1
Vcam1	8
Vcl	8
Vcp	5
Vcpip1	1
Vdac1	4
Vdac2	1
Vdac3	1
Vegfa	1
Vegfb	5
Vezf1	0
Vezt	2
Vgll4	4
Vhl	1
Vill	0
Vim	5
Selenos	1
Vipas39	0
Vipr1	6
Vkorc1	7
Vkorc1l1	1
Vma21	1
Vmac	0
Vmn2r29	2
Vmp1	1
Vopp1	0
Vprbp	0
Vps11	5
Vps13a	4
Vps13b	1
Vps13c	4
Vps13d	4
Vps16	3
Vps18	6
Vps25	3
Vps26a	8
Vps26b	8
Vps28	5
Vps29	1
Vps33a	8
Vps33b	0
Vps35	1
Vps36	0
Vps37a	1
Vps37b	3
Vps37c	3
Vps39	6
Vps41	8
Vps45	3
Vps4a	3
Vps4b	8
Vps51	3
Vps52	3
Vps53	2
Vps54	1
Vps72	3
Vps8	8
Vps9d1	2
Vrk1	0
Vrk2	1
Vrk3	3
Vsig10	0
Vsig10l	6
Vstm4	4
Vta1	1
Vti1a	5
Vti1b	7
Vwa1	1
Vwa5a	1
Vwa8	8
Ints14	3
Wac	0
Wapl	4
Wars	6
Wars2	2
Was	6
Wasf2	0
Washc1	3
Wasl	4
Wbp1	2
Wbp11	5
Wbp1l	6
Wbp2	5
Wbp4	7
Tceal9	7
Rcc1l	5
Bud23	3
Wdfy1	3
Wdfy2	4
Wdfy3	4
Wdfy4	0
Wdhd1	1
Wdpcp	9
Wdr1	8
Wdr11	6
Wdr12	1
Wdr13	2
Wdr18	3
Wdr19	0
Wdr20	1
Wdr24	6
Wdr25	0
Wdr26	2
Wdr3	0
Wdr33	4
Dync2i2	0
Wdr35	1
Wdr36	1
Wdr37	1
Wdr4	0
Wdr41	2
Wdr43	8
Wdr44	4
Wdr45	3
Wdr45b	1
Wdr46	3
Wdr47	6
Wdr48	3
Wdr5	3
Wdr53	2
Wdr55	2
Wdr59	0
Wdr5b	0
Wdr6	6
Dync2i1	4
Wdr61	7
Wdr62	0
Wdr7	1
Wdr70	5
Wdr73	9
Wdr74	0
Wdr75	0
Wdr76	0
Wdr77	7
Dnai4	4
Wrap73	3
Wdr81	0
Wdr82	1
Wdr83	2
Wdr83os	7
Wdr89	0
Wdr90	0
Wdr91	6
Dnaaf10	1
Wdsub1	1
Wdtc1	6
Wdyhv1	7
Wee1	1
Wfdc17	0
Wfdc21	1
Wfs1	0
Whamm	2
Whrn	2
Nsd2	4
Nsd3	4
Pym1	3
Wipf1	1
Wipf2	2
Wipi1	0
Wipi2	0
Wiz	6
Wls	1
Wnk1	4
Wnk3	1
Wnk4	0
Wrap53	0
Get1	1
Wrn	1
Wrnip1	3
Wsb1	4
Wsb2	0
Wscd1	10
Wtap	4
Wtip	2
Wwc2	6
Wwox	5
Wwp1	0
Wwp2	6
Wwtr1	3
Xab2	3
Xaf1	7
Xbp1	8
Xdh	0
Xiap	4
Xirp1	6
Xk	1
Xkr8	0
Xkr9	0
Xlr	1
Xpa	0
Xpc	3
Xpnpep1	3
Xpnpep3	2
Xpo1	1
Xpo4	1
Xpo5	0
Xpo6	8
Xpo7	0
Xpot	0
Xpr1	4
Xrcc1	3
Xrcc2	8
Xrcc3	2
Xrcc4	1
Xrcc5	5
Xrcc6	3
Atp23	0
Xrn1	1
Xrn2	1
Xxylt1	0
Xylb	5
Xylt1	0
Xylt2	3
Yae1d1	1
Yaf2	1
Yars	6
Yars2	0
Ybey	1
Ybx1	3
Ybx3	3
Yeats2	2
Yeats4	2
Yes1	1
Yif1a	10
Yif1b	5
Yipf1	10
Yipf2	10
Yipf3	5
Yipf4	1
Yipf5	8
Yipf6	1
Ykt6	2
Ylpm1	2
Yme1l1	1
Yod1	1
Ypel1	0
Ypel2	4
Ypel3	9
Ypel5	1
Yrdc	4
Ythdc1	4
Ythdc2	4
Ythdf1	1
Ythdf2	8
Ythdf3	1
Ywhab	5
Ywhae	5
Ywhag	8
Ywhah	5
Ywhaq	1
Ywhaz	8
Yy1	7
Yy2	0
Zadh2	1
Map3k20	4
Zbed3	2
Zbed5	1
Zbed6	4
Zbp1	0
Zbtb1	1
Zbtb10	0
Zbtb11	4
Zbtb11os1	0
Zbtb14	8
Zbtb16	0
Zbtb17	3
Zbtb18	4
Zbtb2	0
Zbtb20	6
Zbtb21	3
Zbtb22	3
Zbtb24	0
Zbtb25	1
Zbtb26	1
Zbtb3	0
Zbtb33	1
Zbtb34	4
Zbtb37	4
Zbtb38	2
Zbtb39	4
Zbtb4	4
Zbtb40	4
Zbtb41	1
Zbtb43	1
Zbtb44	1
Zbtb45	0
Zbtb48	2
Zbtb49	0
Zbtb5	4
Zbtb6	1
Zbtb7a	3
Zbtb7b	2
Zbtb8a	1
Zbtb8os	7
Zbtb9	1
Zc2hc1a	1
Zc3h10	3
Zc3h11a	2
Zc3h12a	2
Zc3h12b	1
Zc3h12c	4
Zc3h13	2
Zc3h14	8
Zc3h15	7
Zc3h18	6
Zc3h4	2
Zc3h6	0
Zc3h7a	2
Zc3h7b	2
Zc3h8	2
Zc3hav1	0
Zc3hav1l	4
Zc3hc1	0
Zc4h2	0
Zcchc10	7
Tut4	0
Zcchc14	2
Zcchc17	3
Zcchc18	0
Zcchc2	1
Zcchc24	0
Zcchc3	4
Zcchc4	0
Tut7	4
Zcchc7	4
Zcchc8	5
Zcchc9	7
Zcrb1	7
Zcwpw1	3
Zdhhc1	3
Zdhhc12	3
Zdhhc13	1
Zdhhc14	6
Zdhhc16	0
Zdhhc17	1
Zdhhc18	6
Zdhhc20	1
Zdhhc21	1
Zdhhc24	0
Zdhhc3	5
Zdhhc4	10
Zdhhc5	8
Zdhhc6	8
Zdhhc7	5
Zdhhc8	3
Zdhhc9	8
Zeb1	2
Zeb2	4
Zeb2os	9
Zer1	5
Zfand1	7
Zfand2a	4
Zfand2b	3
Zfand3	2
Zfand4	1
Zfand5	1
Zfand6	1
Zfat	0
Zfc3h1	4
Zfhx3	2
Zfp1	2
Zfp101	1
Zfp105	0
Zfp106	2
Zfp108	0
Zfp109	4
Zfp11	1
Zfp110	0
Zfp111	1
Zfp113	1
Zfp119a	1
Zfp119b	1
Zfp12	0
Zfp120	4
Zfp128	1
Zfp131	4
Zfp14	0
Zfp141	1
Zfp142	2
Zfp143	0
Zfp146	2
Zfp148	1
Zfp157	4
Zfp160	1
Zfp169	0
Zfp174	0
Zfp180	0
Zfp182	2
Zfp184	2
Zfp189	1
Zfp24	1
Zfp2	1
Zfp202	2
Zfp207	1
Zfp212	0
Zfp213	0
Zfp217	2
Zfp219	3
Zfp229	1
Zfp235	6
Zfp236	2
Zfp239	0
Zfp248	1
Zfp251	0
Zfp26	1
Zfp260	4
Zfp263	4
Zfp266	1
Zfp27	4
Zfp273	7
Zfp275	1
Zfp276	2
Zfp277	1
Zfp28	4
Zfp280b	0
Zfp280c	4
Zfp280d	4
Zfp281	1
Zfp282	6
Zfp286	0
Zfp287	0
Zfp292	4
Zfp3	1
Zfp30	4
Zfp316	0
Zfp317	1
Zfp318	2
Zfp319	6
Zfp322a	4
Zfp324	1
Zfp326	4
Zfp329	1
Zfp330	7
Zfp334	1
Zfp335	2
Zfp346	3
Zfp35	4
Zfp354a	0
Zfp354b	0
Zfp354c	1
Zfp358	3
Zfp36	2
Zfp362	2
Zfp367	1
Zfp369	1
Zfp36l2	6
Zfp37	0
Zfp382	4
Zfp383	0
Zfp384	2
Zfp385a	6
Zfp385c	2
Zfp386	4
Zfp39	1
Zfp395	2
Zfp397	4
Zfp398	0
Zfp40	4
Zfp407	4
Zfp408	2
Zfp41	0
Zfp410	0
Zfp414	3
Zfp418	1
Zfp420	0
Zfp422	4
Zfp426	2
Zfp429	1
Zfp438	0
Zfp442	4
Zfp444	3
Zfp445	2
Zfp446	2
Zfp449	0
Zfp451	1
Zfp454	0
Zfp455	1
Zfp456	1
Zfp458	2
Zfp46	0
Zfp467	0
Zfp472	1
Zfp493	0
Zfp507	5
Zfp51	4
Zfp511	2
Zfp512	0
Zfp513	2
Zfp516	0
Zfp518a	1
Zfp518b	0
Zfp52	0
Zfp523	2
Zfp524	3
Zfp526	6
Zfp53	1
Zfp532	2
Zfp54	0
Zfp551	0
Zfp553	3
Zfp558	1
Zfp560	1
Zfp563	1
Zfp566	0
Zfp568	4
Zfp574	3
Zfp579	2
Zfp58	1
Zfp580	3
Zfp583	4
Zfp59	0
Zfp592	2
Zfp593	6
Zfp595	0
Zfp597	1
Zfp598	2
Zfp599	0
Zfp60	1
Zfp605	2
Zfp606	4
Zfp607a	1
Zfp608	2
Zfp609	2
Zfp61	0
Zfp612	1
Zfp617	4
Zfp619	0
Zfp62	2
Zfp622	5
Zfp623	1
Zfp626	4
Zfp628	0
Zfp629	6
Zfp637	0
Zfp638	4
Zfp639	1
Zfp64	3
Zfp641	0
Zfp644	1
Zfp646	6
Zfp647	2
Zfp65	4
Zfp651	2
Zfp652	2
Zfp653	2
Zfp654	1
Zfp655	1
Zfp658	2
Zfp661	0
Zfp664	2
Zfp667	0
Zfp668	6
Zfp672	4
Zfp677	1
Zfp68	1
Zfp687	0
Zfp688	2
Zfp689	6
Zfp69	4
Zfp691	2
Zfp692	2
Zfp697	0
Zfp7	0
Zfp703	3
Zfp704	2
Zfp706	1
Zfp707	3
Zfp708	1
Zfp709	1
Zfp710	2
Zfp712	1
Zfp715	1
Zfp719	1
Zfp72	1
Zfp729a	4
Zfp729b	4
Zfp738	4
Zfp74	2
Zfp740	2
Zfp746	6
Zfp747	0
Zfp748	1
Zfp750	1
Zfp758	1
Zfp759	1
Zfp760	4
Zfp763	1
Zfp764	3
Zfp768	2
Zfp770	1
Zfp771	3
Zfp772	0
Zfp773	1
Zfp775	2
Zfp777	6
Zfp78	0
Zfp780b	1
Zfp783	4
Zfp784	0
Zfp787	3
Zfp788	4
Zfp790	0
Zfp791	1
Zfp799	1
Zfp800	1
Zfp808	0
Zfp809	2
Zfp81	1
Zfp810	0
Zfp82	1
Zfp821	3
Zfp825	0
Zfp827	2
Zfp830	7
Zfp839	2
Zfp84	1
Zfp846	0
Zfp85	1
Zfp850	1
Zfp862-ps	6
Zfp865	2
Zfp866	1
Zfp867	4
Zfp868	1
Zfp869	1
Zfp87	1
Zfp870	1
Zfp871	4
Zfp873	0
Zfp874a	1
Zfp874b	2
Zfp879	0
Zfp882	4
Zfp9	5
Zfp90	2
Zfp91	4
Zfp93	3
Zfp930	4
Zfp931	1
Zfp932	4
Zfp933	1
Zfp934	4
Zfp935	2
Zfp937	1
Zfp938	1
Zfp939	4
Zfp94	0
Zfp940	3
Zfp942	1
Zfp943	4
Zfp944	4
Zfp945	4
Zfp946	1
Zfp948	4
Zfp949	0
Zfp950	4
Zfp951	1
Zfp952	4
Zfp953	0
Zfp954	1
Zfp955a	1
Zfp955b	4
Zfp956	0
Zfp958	1
Zfp959	1
Zfp961	4
Zfp963	1
Zfp964	1
Zfp97	4
Zfpl1	6
Zfpm1	6
Zfr	2
Zfx	1
Zfyve1	0
Zfyve16	4
Zfyve19	2
Zfyve21	5
Zfyve26	2
Zfyve27	0
Zfyve28	2
Zfyve9	0
Zgpat	2
Zgrf1	0
Zhx1	4
Zhx2	0
Zhx3	0
Zik1	1
Zkscan1	1
Zkscan14	4
Zkscan17	6
Zkscan2	1
Zkscan3	2
Zkscan4	1
Zkscan5	2
Zkscan6	2
Zkscan7	0
Zkscan8	0
Zmat1	7
Zmat2	7
Zmat3	0
Zmat5	9
Zmiz1	6
Zmiz2	6
Zmpste24	1
Zmym1	8
Zmym2	4
Zmym3	6
Zmym4	1
Zmym5	4
Zmym6	2
Zmynd11	6
Zmynd15	0
Zmynd19	2
Zmynd8	2
Znf512b	2
Znfx1	0
Znhit1	3
Znhit2	3
Znhit3	7
Znhit6	2
Znrd1	7
Polr1has	2
Znrf1	2
Znrf2	1
Znrf3	0
Zpbp	0
Zpr1	3
Zranb1	4
Zranb2	1
Zranb3	0
Zrsr1	2
Zrsr2	4
Zscan12	0
Zscan18	2
Zscan20	0
Zscan21	0
Zscan22	1
Zscan26	2
Zscan29	4
Zswim1	5
Zswim3	0
Zswim4	6
Zswim5	6
Zswim6	4
Zswim7	7
Zswim8	2
Zup1	4
Zw10	2
Zwilch	0
Zwint	8
Zxda	1
Zxdb	7
Zxdc	1
Zyg11b	1
Zyx	3
Zzef1	4
Zzz3	2
Hikeshi	7
